Permissionaria;Autos;TC;Denominacao_da_linha;caracteristica
RAPIDO LUXO CAMPINAS LTDA;1;1;JUNDIAI - FRANCO DA ROCHA;Semiurbana
VAT VIACAO ADAMANTINA DE TRANSPORTES LTDA;2;3;PEREIRA BARRETO - ILHA SOLTEIRA;Semiurbana
TRANSRAPIDO SÃO FRANCISCO LTDA;3;4;RIO GRANDE - JALES;Semiurbana
TRANSRAPIDO SÃO FRANCISCO LTDA;4;4;POPULINA - JALES;Semiurbana
TRANSRAPIDO SÃO FRANCISCO LTDA;5;4;POPULINA - JALES;Semiurbana
VIAÇÃO MOURÃO LTDA;6;3;LENCOIS PAULISTA - PEDERNEIRAS;Rodoviária Convencional
VIAÇÃO PIRACEMA DE TRANSPORTE LTDA;7;1;SOROCABA - BAIRRO DO CERCADO;Rodoviária Convencional
VIAÇÃO PIRACEMA DE TRANSPORTE LTDA;8;1;SALTO DE PIRAPORA - SOROCABA;Rodoviária Convencional
AUTO ÔNIBUS SÃO JOÃO LTDA;9;2;ITAPETININGA - SARAPUI;Semiurbana
AUTO ÔNIBUS SÃO JOÃO LTDA;10;2;ABAITINGA - ITAPETININGA;Semiurbana
AUTO ÔNIBUS SÃO JOÃO LTDA;11;2;SOROCABA - BOITUVA;Semiurbana
AUTO ÔNIBUS SÃO JOÃO LTDA;12;2;PE DA SERRA - REGISTRO;Semiurbana
VIAÇÃO COMETA S/A;13;5;SAO MIGUEL ARCANJO - SOROCABA;Rodoviária Convencional
VIAÇÃO COMETA S/A;14;5;SOROCABA - CONCHAS;Rodoviária Convencional
VIAÇÃO GUAXUPE LTDA;15;1;MOCOCA - TAPIRATIBA;Rodoviária Convencional
VIAÇÃO COMETA S/A;16;5;SOROCABA - MONGAGUA;Rodoviária Litorânea
VIAÇÃO COMETA S/A;17;5;ITAPETININGA - PILAR DO SUL;Rodoviária Convencional
VIAÇÃO COMETA S/A;18;5;SALTO DE PIRAPORA - SARAPUI;Rodoviária Convencional
VIAÇÃO COMETA S/A;19;5;SOROCABA - PILAR DO SUL;Rodoviária Convencional
VIAÇÃO COMETA S/A;20;5;ITAPETININGA - SAO MIGUEL ARCANJO;Rodoviária Convencional
VIAÇÃO COMETA S/A;21;5;SOROCABA - LARANJAL PAULISTA;Rodoviária Convencional
VIAÇÃO COMETA S/A;22;5;SOROCABA - LARANJAL PAULISTA;Rodoviária Convencional
VIAÇÃO COMETA S/A;23;5;SAO MIGUEL ARCANJO - CAPAO BONITO;Rodoviária Convencional
VIAÇÃO COMETA S/A;24;5;SAO MIGUEL ARCANJO - SÃO PAULO(BARRA FUNDA);Rodoviária Convencional
VIAÇÃO PIRACEMA DE TRANSPORTE LTDA;25;1;ITAPETININGA - IGUAPE;Rodoviária Litorânea
AUTO ÔNIBUS SÃO JOÃO LTDA;26;2;SOROCABA - SALTO DE PIRAPORA;Rodoviária Convencional
AUTO ÔNIBUS SÃO JOÃO LTDA;27;2;SOROCABA - REGISTRO;Rodoviária Convencional
VIAÇÃO PIRACEMA DE TRANSPORTE LTDA;28;1;JUQUIA - MIRACATU;Rodoviária Convencional
VIAÇÃO PIRACEMA DE TRANSPORTE LTDA;29;1;JUQUIA - SETE BARRAS;Rodoviária Convencional
AUTO ÔNIBUS SÃO JOÃO LTDA;30;2;SOROCABA - PIEDADE;Rodoviária Convencional
AUTO ÔNIBUS SÃO JOÃO LTDA;31;2;SOROCABA - PILAR DO SUL;Rodoviária Convencional
AUTO ÔNIBUS SÃO JOÃO LTDA;32;2;TAPIRAI - PIEDADE;Rodoviária Convencional
AUTO ÔNIBUS SÃO JOÃO LTDA;33;2;SOROCABA - PIEDADE;Rodoviária Convencional
AUTO ÔNIBUS SÃO JOÃO LTDA;34;2;SOROCABA - TAPIRAI;Rodoviária Convencional
VIAÇÃO PIRACEMA DE TRANSPORTE LTDA;35;1;ITAPETININGA - REGISTRO;Rodoviária Convencional
AUTO ÔNIBUS SÃO JOÃO LTDA;36;2;SOROCABA - ILHA COMPRIDA;Rodoviária Litorânea
VB TRANSPORTES E TURISMO LTDA;37;1;IRACEMAPOLIS - LIMEIRA;Rodoviária Convencional
VB TRANSPORTES E TURISMO LTDA;38;1;SÃO PAULO (T.TIÊTE) - RIO CLARO;Rodoviária Convencional
VB TRANSPORTES E TURISMO LTDA;39;1;IPEUNA - RIO CLARO;Rodoviária Convencional
VB TRANSPORTES E TURISMO LTDA;40;1;LIMEIRA - RIO CLARO;Semiurbana
VB TRANSPORTES E TURISMO LTDA;41;1;LIMEIRA - CORDEIROPOLIS;Semiurbana
VB TRANSPORTES E TURISMO LTDA;42;1;PIRACICABA - IRACEMAPOLIS;Semiurbana
VB TRANSPORTES E TURISMO LTDA;43;1;IRACEMAPOLIS - LIMEIRA;Semiurbana
VB TRANSPORTES E TURISMO LTDA;44;1;PIRASSUNUNGA - ANALANDIA;Rodoviária Convencional
VB TRANSPORTES E TURISMO LTDA;45;1;SÃO PAULO (T.TIÊTE) - RIO CLARO;Rodoviária Convencional
VB TRANSPORTES E TURISMO LTDA;46;1;AMERICANA - RIO CLARO;Rodoviária Convencional
VB TRANSPORTES E TURISMO LTDA;47;1;CAMPINAS - RIO CLARO;Rodoviária Convencional
VB TRANSPORTES E TURISMO LTDA;48;1;LIMEIRA - CORDEIROPOLIS;Rodoviária Convencional
VB TRANSPORTES E TURISMO LTDA;49;1;SÃO PAULO (T.TIÊTE) - RIO CLARO;Rodoviária Convencional
VB TRANSPORTES E TURISMO LTDA;50;1;RIO CLARO - PRAIA GRANDE;Rodoviária Litorânea
VB TRANSPORTES E TURISMO LTDA;51;1;SOROCABA - JUNDIAI;Rodoviária Convencional
VB TRANSPORTES E TURISMO LTDA;52;1;SOROCABA - TIETE;Rodoviária Convencional
VB TRANSPORTES E TURISMO LTDA;53;1;SOROCABA - SAO ROQUE;Rodoviária Convencional
BREDA TRANSPORTES E SERVIÇOS S/A;54;5;SAO JOSE DOS CAMPOS - IGARATA;Semiurbana
BREDA TRANSPORTES E SERVIÇOS S/A;55;5;JACAREI - SANTA ISABEL;Semiurbana
BREDA TRANSPORTES E SERVIÇOS S/A;56;5;JACAREI - MOGI DAS CRUZES;Semiurbana
BREDA TRANSPORTES E SERVIÇOS S/A;57;5;JACAREI - IGARATA;Rodoviária Convencional
VIAÇÃO PIRACICABANA S/A;58;3;MOGI DAS CRUZES - NAZARE PAULISTA;Rodoviária Convencional
VIAÇÃO PIRACICABANA S/A;59;3;JACAREI - NAZARE PAULISTA;Rodoviária Convencional
VIAÇÃO PIRACICABANA S/A;60;3;MOGI DAS CRUZES - TERMINAL VISTA LINDA;Rodoviária Litorânea
VIAÇÃO PIRACICABANA S/A;61;3;FERRAZ DE VASCONCELOS - SAO SEBASTIAO(Rodoviária);Rodoviária Litorânea
VIAÇÃO PIRACICABANA S/A;62;3;ATIBAIA - SAO SEBASTIAO(Rodoviária);Rodoviária Convencional
JANDAIA TRANSPORTES E TURISMO LTDA;63;3;LUCELIA - MARTINOPOLIS;Semiurbana
VALLESUL TRANSPORTES E TURISMO LTDA;67;5;PEDRO DE TOLEDO - MIRACATU;Semiurbana
VIAÇÃO PIRACICABANA S/A;68;3;PIRACICABA - TORRINHA;Rodoviária Convencional
VIAÇÃO PIRACICABANA S/A;69;3;PIRACICABA - JAU;Rodoviária Convencional
VIAÇÃO PIRACICABANA S/A;70;3;DOIS CORREGOS - BROTAS;Rodoviária Convencional
RAPIDO LUXO CAMPINAS LTDA;71;1;BARRA DO CHAPEU(APIAI) - ITAPEVA;Rodoviária Convencional
RAPIDO LUXO CAMPINAS LTDA;72;1;ITARARE - BOM SUCESSO DE ITARARE;Rodoviária Convencional
RAPIDO LUXO CAMPINAS LTDA;74;1;SOROCABA - HOSPITAL PIRAPITINGUI;Semiurbana
RAPIDO LUXO CAMPINAS LTDA;75;1;ITU - MAIRINQUE;Semiurbana
RAPIDO LUXO CAMPINAS LTDA;76;1;SOROCABA - ITU;Semiurbana
RAPIDO LUXO CAMPINAS LTDA;77;1;SOROCABA - SAO ROQUE;Semiurbana
RAPIDO LUXO CAMPINAS LTDA;78;1;SOROCABA - SALTO;Semiurbana
RAPIDO LUXO CAMPINAS LTDA;79;1;SOROCABA - PIRACICABA;Rodoviária Convencional
EXPRESSO CIDADE NATUREZA TRANSPORTE LTDA;81;5;SAO JOSE DOS CAMPOS - BAIRRO CANELAR;Semiurbana
VIAÇÃO COMETA S/A;82;5;FRANCA - RIBEIRAO PRETO;Rodoviária Convencional
RAPIDO D OESTE LTDA;83;1;RIBEIRAO PRETO - PONTAL;Semiurbana
RAPIDO D OESTE LTDA;84;1;RIBEIRAO PRETO - SANTA CRUZ DAS POSSES;Semiurbana
RAPIDO D OESTE LTDA;85;1;VIRADOURO - RIBEIRAO PRETO;Semiurbana
RAPIDO D OESTE LTDA;86;1;VIRADOURO - BEBEDOURO;Semiurbana
RAPIDO D OESTE LTDA;87;1;TERRA ROXA - VIRADOURO;Semiurbana
RAPIDO D OESTE LTDA;88;1;RIBEIRAO PRETO - MORRO AGUDO;Semiurbana
RAPIDO D OESTE LTDA;89;1;PONTAL - MORRO AGUDO;Rodoviária Convencional
RAPIDO D OESTE LTDA;90;1;VIRADOURO - PITANGUEIRAS;Semiurbana
VIAÇÃO PARATY LTDA;91;4;JABOTICABAL - GUARIBA;Semiurbana
VIAÇÃO PARATY LTDA;92;4;GUARIBA - ARARAQUARA;Semiurbana
VIAÇÃO PARATY LTDA;93;4;JABOTICABAL - GUARIBA;Semiurbana
VIAÇÃO PARATY LTDA;94;4;ARARAQUARA - RINCAO;Semiurbana
VIAÇÃO PARATY LTDA;95;4;GUARIBA - SANTA ERNESTINA;Semiurbana
VIAÇÃO PARATY LTDA;96;4;MATAO - ARARAQUARA;Semiurbana
VIAÇÃO COMETA S/A;97;5;PIRACICABA - CAMPINAS;Rodoviária Convencional
VIAÇÃO COMETA S/A;98;5;AMERICANA - LIMEIRA;Rodoviária Convencional
VIAÇÃO COMETA S/A;99;5;PIRACICABA - PAULINIA;Rodoviária Convencional
VIAÇÃO COMETA S/A;100;5;AMERICANA - PIRACICABA;Rodoviária Convencional
VIAÇÃO PIRACICABANA S/A;101;3;MAIRINQUE - SAO PAULO;Rodoviária Convencional
VIAÇÃO PIRACICABANA S/A;102;3;SAO ROQUE - OSASCO;Rodoviária Convencional
VIAÇÃO PIRACICABANA S/A;103;3;SAO ROQUE - ITAPEVI;Semiurbana
VIAÇÃO PIRACICABANA S/A;104;3;SAO ROQUE - OSASCO;Semiurbana
VIAÇÃO PIRACICABANA S/A;105;3;SAO ROQUE - SAO PAULO;Rodoviária Convencional
VIAÇÃO PIRACICABANA S/A;106;3;SAO ROQUE - COTIA;Semiurbana
VIAÇÃO PIRACICABANA S/A;107;3;SAO ROQUE - SAO PAULO;Rodoviária Convencional
VIAÇÃO PIRACICABANA S/A;108;3;SAO ROQUE - SAO PAULO;Rodoviária Convencional
VIAÇÃO PIRACICABANA S/A;109;3;SOROCABA - OSASCO;Rodoviária Convencional
VIAÇÃO PIRACICABANA S/A;110;3;SAO ROQUE - VARGEM GRANDE PAULISTA;Semiurbana
VIAÇÃO PIRACICABANA S/A;111;3;SAO ROQUE - ITAPEVI;Semiurbana
VIAÇÃO PIRACICABANA S/A;112;3;SAO ROQUE - PIR..B.JESUS(CAMP.GAIVOTA;Semiurbana
EXPRESSO ITAMARATI S/A;113;4;BARRETOS - RIOLANDIA;Rodoviária Convencional
EXPRESSO ITAMARATI S/A;114;4;OLIMPIA - RIOLANDIA;Rodoviária Convencional
EXPRESSO ITAMARATI S/A;115;4;SAO JOSE DO RIO PRETO - ICEM;Semiurbana
EXPRESSO ITAMARATI S/A;116;4;SAO JOSE DO RIO PRETO - NOVA GRANADA;Semiurbana
EXPRESSO ITAMARATI S/A;117;4;OLIMPIA - GUARACI;Semiurbana
EXPRESSO ITAMARATI S/A;118;4;BARRETOS - RIOLANDIA;Rodoviária Convencional
TRANSRAPIDO SÃO FRANCISCO LTDA;119;4;PALESTINA - SAO JOSE DO RIO PRETO;Semiurbana
TRANSRAPIDO SÃO FRANCISCO LTDA;121;4;SAO JOSE DO RIO PRETO - DUPLO CEU;Rodoviária Convencional
VIAÇÃO COMETA S/A;124;5;RIOLANDIA - SÃO PAULO(BARRA FUNDA);Rodoviária Convencional
VIAÇÃO COMETA S/A;125;5;RIOLANDIA - SAO JOSE DO RIO PRETO;Rodoviária Convencional
VIASOL TRANSPORTES RODOVIÁRIOS LTDA.;126;1;PIRACICABA - RIBEIRAO PRETO;Rodoviária Convencional
VIAÇÃO DANUBIO AZUL LTDA;203;1;ITAPEVI - ARAÇARIGUAMA;Semiurbana
VIAÇÃO DANUBIO AZUL LTDA;206;1;COTIA - SAO ROQUE;Semiurbana
VIAÇÃO DANUBIO AZUL LTDA;210;1;VARGEM GRANDE PAULISTA - SAO ROQUE;Semiurbana
VIAÇÃO DANUBIO AZUL LTDA;211;1;ITAPEVI - SAO ROQUE;Semiurbana
VIAÇÃO DANUBIO AZUL LTDA;212;1;PIRAPORA DO BOM JESUS - SAO ROQUE;Semiurbana
VAT VIACAO ADAMANTINA DE TRANSPORTES LTDA;280;3;PEREIRA BARRETO - DRACENA;Rodoviária Convencional
VIAÇÃO PARATY LTDA;300;4;JAU - BORACEIA;Rodoviária Convencional
VIAÇÃO PARATY LTDA;301;4;JAU - DOIS CORREGOS;Rodoviária Convencional
VIAÇÃO PARATY LTDA;302;4;GUARAPUA - DOIS CORREGOS;Rodoviária Convencional
VIAÇÃO PARATY LTDA;303;4;BARRA BONITA - DOIS CORREGOS;Rodoviária Convencional
VIAÇÃO PARATY LTDA;304;4;JAU - ITAPUI;Rodoviária Convencional
DAIANE GONCALVES DE LIMA LTDA;305;2;PRAÇA CENTRAL - PRAÇA MATRIZ;Rodoviária Convencional
VIAÇÃO VALE DO TIETE LTDA;395;2;ITU - JUNDIAI;Rodoviária Convencional
EXPRESSO ITAMARATI S/A;400;4;TAIACU - JABOTICABAL;Semiurbana
VIAÇÃO SANTA CRUZ LTDA;411;1;ITAPIRA - MOGI GUACU;Rodoviária Convencional
VIAÇÃO MOURÃO LTDA;491;3;SOROCABA - CAMPINAS;Rodoviária Convencional
EMPRESA DE ÔNIBUS PASSARO MARRON S/A;501;5;PINDAMONHANGABA - TAUBATE;Rodoviária Convencional
VIAÇÃO VALE DO TIETE LTDA;511;2;SALTO - SÃO PAULO(BARRA FUNDA);Rodoviária Convencional
EXPRESSO ITAMARATI S/A;577;4;SAO JOSE DO RIO PRETO - NHANDEARA;Semiurbana
VIAÇÃO COMETA S/A;607;5;SÃO PAULO(BARRA FUNDA) - SOROCABA;Rodoviária Convencional
VIAÇÃO VALE DO TIETE LTDA;630;2;SÃO PAULO(BARRA FUNDA) - BOTUCATU;Rodoviária Convencional
EMPRESA DE ÔNIBUS PASSARO MARRON S/A;695;5;APARECIDA - CRUZEIRO;Rodoviária Convencional
VIAÇÃO COMETA S/A;728;5;SÃO PAULO (T.TIÊTE) - CAMPINAS;Rodoviária Convencional
VIAÇÃO COMETA S/A;737;5;SÃO PAULO(BARRA FUNDA) - ITAPETININGA;Rodoviária Convencional
VIAÇÃO COMETA S/A;770;5;SÃO PAULO (T.TIÊTE) - AGUAS DA PRATA;Rodoviária Convencional
VIAÇÃO COMETA S/A;828;5;SAO PAULO - FRANCA;Rodoviária Convencional
VIAÇÃO DANUBIO AZUL LTDA;833;1;COLINA - BARRETOS;Semiurbana
EXPRESSO ITAMARATI S/A;872;4;SAO JOSE DO RIO PRETO - UCHOA;Semiurbana
EXPRESSO ITAMARATI S/A;935;4;SAO JOSE DO RIO PRETO - ILHA SOLTEIRA;Rodoviária Convencional
BREDA SOROCABA TRANSPORTES E TUR. LTDA;951;2;ITAPETININGA - IGUAPE;Rodoviária Litorânea
VIAÇÃO VALE DO TIETE LTDA;968;2;CABREUVA(B.JACARE) - SÃO PAULO(BARRA FUNDA);Rodoviária Convencional
VIAÇÃO LIRA LTDA;989;1;CAMPINAS - ELIAS FAUSTO;Rodoviária Convencional
VB TRANSPORTES E TURISMO LTDA;990;1;CAMPINAS - GUARULHOS(AER.INT.CUMBICA;Rodoviária Convencional
ELUX S.S. EXPRESSO LUXO SAO PAULO SANTOS LTDA;994;5;SAO PAULO(T.JABAQUARA) - SANTOS(PONTA DA PRAIA);Rodoviária Litorânea
ULTRA S/A - TRANSPORTES INTERURBANOS;1025;5;SAO PAULO(T.JABAQUARA) - SAO VICENTE;Rodoviária Litorânea
VIAÇÃO COMETA S/A;1088;5;SÃO PAULO (T.TIÊTE) - JUNDIAI;Rodoviária Convencional
EXPRESSO ITAMARATI S/A;1237;4;SAO JOSE DO RIO PRETO - NOVO HORIZONTE;Semiurbana
VIAÇÃO COMETA S/A;1384;5;SÃO PAULO(BARRA FUNDA) - SAO JOSE DO RIO PRETO;Rodoviária Convencional
VAT VIACAO ADAMANTINA DE TRANSPORTES LTDA;1804;3;ANDRADINA - ILHA SOLTEIRA;Semiurbana
EMPRESAS REUNIDAS PAULISTA DE TRANSPORTES LTDA;1807;3;BAURU - ARACATUBA;Rodoviária Convencional
EMPRESA PRINCESA DO NORTE S/A;1839;3;SÃO PAULO(BARRA FUNDA) - OURINHOS;Rodoviária Convencional
EMPRESA PRINCESA DO NORTE S/A;1977;3;BAURU - OURINHOS;Rodoviária Convencional
SANTA BRANCA TRANSPORTES LTDA;2063;5;SANTA BRANCA - JACAREI;Semiurbana
VIAÇÃO ITAQUERI LTDA;2090;1;PIRACICABA - USINA COSTA PINTO;Semiurbana
EMPRESA RODOVIARIA PIRACICABANA LTDA;2170;1;BRAGANCA PAULISTA - SÃO PAULO (T.TIÊTE);Rodoviária Convencional
EMPRESA PRINCESA DO NORTE S/A;2240;3;ALVILANDIA - MARILIA(TRP-VELHO);Semiurbana
TRANSRAPIDO SÃO FRANCISCO LTDA;2323;4;PAULO DE FARIA - VOTUPORANGA;Rodoviária Convencional
VIAÇÃO SANTA CRUZ LTDA;2401;1;OSASCO - CAMPINAS;Rodoviária Convencional
VAT VIACAO ADAMANTINA DE TRANSPORTES LTDA;2437;3;BAURU - PIRATININGA;Semiurbana
PLENA TRANSPORTES LTDA ME;2451;4;JAU - BOTUCATU;Rodoviária Convencional
VIAÇÃO DANUBIO AZUL LTDA;2457;1;SÃO PAULO (T.TIÊTE) - SANTA RITA DO P.QUATRO;Rodoviária Convencional
CRISTALENSE TRANSPORTES E TURISMO LTDA;2480;1;FRANCA - JERIQUARA;Semiurbana
VB TRANSPORTES E TURISMO LTDA;2670;1;CAPIVARI - SANTA BARBARA DOESTE;Rodoviária Convencional
CRISTALENSE TRANSPORTES E TURISMO LTDA;2712;1;FRANCA - USINA DO ESTREITO;Semiurbana
VIAÇÃO SÃO RAPHAEL LTDA;2731;4;PALESTINA - SAO JOSE DO RIO PRETO;Semiurbana
VIAÇÃO SANTA CRUZ LTDA;2741;1;AGUAI - SAO JOAO DA BOA VISTA;Rodoviária Convencional
VIAÇÃO DANUBIO AZUL LTDA;2749;1;CAJURU - SÃO PAULO (T.TIÊTE);Rodoviária Convencional
VIAÇÃO COMETA S/A;2767;5;SAO CAETANO DO SUL - P.GRANDE(V.MIRIM);Rodoviária Litorânea
EMPRESA DE AUTO ÔNIBUS SANTA RITA LTDA;2870;4;FERNANDOPOLIS - POPULINA;Semiurbana
CRISTALENSE TRANSPORTES E TURISMO LTDA;3076;1;FRANCA - ITIRAPUA;Semiurbana
VIAÇÃO NOSSA SENHORA DA PONTE LTDA;3164;2;SOROCABA - JUNDIAI;Rodoviária Convencional
VIAÇÃO MACIR RAMAZINI TURISMO LTDA;3256;1;PONTAL - RIBEIRAO PRETO;Semiurbana
EMPRESA PRINCESA DO NORTE S/A;3321;3;OURINHOS - SANTA CRUZ RIO PARDO;Semiurbana
AUTO ÔNIBUS DEL OESTE LTDA - EPP;3323;3;PIRAJU - TIMBURI;Semiurbana
EMPRESA PRINCESA DO NORTE S/A;3325;3;OURINHOS - PIRAJU;Rodoviária Convencional
RODOVIÁRIO IBITINGUENSE LTDA;3333;3;BAURU - IBITINGA;Rodoviária Convencional
RODOVIÁRIO IBITINGUENSE LTDA;3334;3;BAURU - RIBEIRAO PRETO;Rodoviária Convencional
EMPRESAS REUNIDAS PAULISTA DE TRANSPORTES LTDA;3345;3;ARACATUBA - SAO JOSE DO RIO PRETO;Rodoviária Convencional
VIAÇÃO PIRACICABANA S/A;3353;3;SAO PEDRO - SÃO PAULO (T.TIÊTE);Rodoviária Convencional
RAPIDO LUXO CAMPINAS LTDA;3408;1;JUNDIAI - ITUPEVA;Semiurbana
EMPRESAS REUNIDAS PAULISTA DE TRANSPORTES LTDA;3432;3;CAMPINAS - ARACATUBA;Rodoviária Convencional
VIAÇÃO MACIR RAMAZINI TURISMO LTDA;3434;1;SANTA CRUZ DAS POSSES - RIBEIRAO PRETO;Semiurbana
VB TRANSPORTES E TURISMO LTDA;3461;1;BOTUCATU - CAMPINAS;Rodoviária Convencional
AGOSUZI TRANSPORTES LTDA;3468;3;PENAPOLIS - SALTO AVANHANDAVA;Semiurbana
VIAÇÃO LIRA LTDA;3688;1;CAMPINAS - JUNDIAI;Rodoviária Convencional
VIAÇÃO ATIBAIA SÃO PAULO LTDA;3744;1;JOANOPOLIS - BRAGANCA PAULISTA;Rodoviária Convencional
VIAÇÃO ATIBAIA SÃO PAULO LTDA;3747;1;PIRACAIA - BRAGANCA PAULISTA;Rodoviária Convencional
VIAÇÃO ATIBAIA SÃO PAULO LTDA;3778;1;ATIBAIA - JUNDIAI;Semiurbana
VIAÇÃO DANUBIO AZUL LTDA;3785;1;CAJURU - SANTA ROSA DO VITERBO;Rodoviária Convencional
TRANSRAPIDO SÃO FRANCISCO LTDA;3807;4;MACAUBAL - VOTUPORANGA;Semiurbana
VB TRANSPORTES E TURISMO LTDA;3809;1;MONTE MOR - CAPIVARI;Rodoviária Convencional
EMPRESA RODOVIARIA PIRACICABANA LTDA;3836;1;CAMPINAS - ITATIBA;Semiurbana
DICESA TRANSPORTE DE PASSAGEIROS LTDA;3866;4;NOVA GRANADA - OLIMPIA;Rodoviária Convencional
RAPIDO LUXO CAMPINAS LTDA;3882;1;BOTUCATU - BOFETE;Rodoviária Convencional
VIASOL TRANSPORTES RODOVIÁRIOS LTDA.;3892;1;PORTO FERREIRA - DESCALVADO;Rodoviária Convencional
EMPRESA DE AUTO ÔNIBUS SANTA RITA LTDA;3904;4;CARDOSO - FERNANDOPOLIS;Semiurbana
EXPRESSO ITAMARATI S/A;3931;4;SAO JOSE DO RIO PRETO - SANTA FE DO SUL;Rodoviária Convencional
AUTO VIAÇÃO BRAGANCA LTDA;3966;1;BRAGANCA PAULISTA - SÃO PAULO (T.TIÊTE);Rodoviária Convencional
TRANSPORTES E TURISMO EROLES LTDA;3975;5;MOGI DAS CRUZES - MINERACAO G.DO BRASIL;Rodoviária Litorânea
EMPRESA RODOVIARIA PIRACICABANA LTDA;3984;1;SÃO PAULO (T.TIÊTE) - AGUAS DE LINDOIA;Rodoviária Convencional
EMPRESA PRINCESA DO NORTE S/A;4025;3;OURINHOS - SAO BERNARDO DO CAMPO;Rodoviária Convencional
EMPRESA DE ÔNIBUS TABAPUA LTDA;4036;4;TABAPUA - OLIMPIA;Semiurbana
EMPRESA DE AUTO ÔNIBUS SANTA RITA LTDA;4038;4;FERNANDOPOLIS - INDIAPORA;Semiurbana
TRANSPEN-TRANSPORTE COLETIVO E ENCOMENDAS LTDA;4040;2;SAO PAULO - ITARARE;Rodoviária Convencional
VIAÇÃO MACIR RAMAZINI TURISMO LTDA;4051;1;VIRADOURO - RIBEIRAO PRETO;Semiurbana
EMPRESA RODOVIARIA PIRACICABANA LTDA;4053;1;BRAGANCA PAULISTA - JUNDIAI;Semiurbana
EMPRESA DE ÔNIBUS PASSARO MARRON S/A;4064;5;GUARATINGUETA - ROSEIRA;Semiurbana
TRANSPEN-TRANSPORTE COLETIVO E ENCOMENDAS LTDA;4078;2;SÃO PAULO(BARRA FUNDA) - APIAI;Rodoviária Convencional
VIAÇÃO GUAXUPE LTDA;4103;1;CACONDE - SAO JOAO DA BOA VISTA;Rodoviária Convencional
GUERINO SEISCENTO TRANSPORTES S/A;4140;3;BIRIGUI - ARACATUBA;Semiurbana
PLENA TRANSPORTES LTDA ME;4147;4;JAU - ITAPOLIS;Rodoviária Convencional
TRANSPORTADORA TUR.MONTE ALEGRE LTDA;4218;1;PIRACICABA - TORRINHA;Rodoviária Convencional
VIAÇÃO DANUBIO AZUL LTDA;4246;1;OLIMPIA - SÃO PAULO (T.TIÊTE);Rodoviária Convencional
EMPRESA DE TRANSPORTES ANDORINHA S/A;4262;3;PRESIDENTE PRUDENTE - BAURU;Rodoviária Convencional
TRANSRAPIDO SÃO FRANCISCO LTDA;4268;4;CARDOSO - VOTUPORANGA;Rodoviária Convencional
LITORANEA TRANSPORTES COLETIVOS S/A;4288;5;SAO SEBASTIAO - TAUBATE;Rodoviária Litorânea
RAPIDO LUXO CAMPINAS LTDA;4291;1;JUNDIAI - CABREÚVA(PINHAL);Semiurbana
RODOVIÁRIO E TURISMO SÃO JOSÉ LTDA;4300;5;PINDAMONHANGABA - UBATUBA;Rodoviária Litorânea
RODOVIÁRIO E TURISMO SÃO JOSÉ LTDA;4301;5;TAUBATE - LAGOINHA;Rodoviária Convencional
EMPRESA DE ÔNIBUS PASSARO MARRON S/A;4302;5;SÃO PAULO (T.TIÊTE) - SAO SEBASTIAO;Rodoviária Litorânea
EMPRESA DE ÔNIBUS PASSARO MARRON S/A;4303;5;SÃO PAULO (T.TIÊTE) - UBATUBA;Rodoviária Litorânea
EMPRESA DE ÔNIBUS PASSARO MARRON S/A;4311;5;CARAGUATATUBA - SÃO PAULO (T.TIÊTE);Rodoviária Litorânea
VIAÇÃO SANTA CRUZ LTDA;4317;1;SÃO PAULO (T.TIÊTE) - SAO JOSE DO RIO PARDO;Rodoviária Convencional
VIAÇÃO SANTA CRUZ LTDA;4319;1;SÃO PAULO (T.TIÊTE) - MOCOCA;Rodoviária Convencional
VIAÇÃO DANUBIO AZUL LTDA;4352;1;SANTA RITA DO P.QUATRO - PORTO FERREIRA;Rodoviária Convencional
VB TRANSPORTES E TURISMO LTDA;4355;1;CAMPINAS - ITAPETININGA;Rodoviária Convencional
VIAÇÃO SANTA CRUZ LTDA;4359;1;SÃO PAULO (T.TIÊTE) - TAPIRATIBA;Rodoviária Convencional
VIAÇÃO PIRACICABANA S/A;4361;3;SÃO PAULO (T.TIÊTE) - SAO PEDRO;Rodoviária Convencional
VAT VIACAO ADAMANTINA DE TRANSPORTES LTDA;4364;3;ARACATUBA - DRACENA;Rodoviária Convencional
VIAÇÃO SANTA CRUZ LTDA;4384;1;CAMPINAS - MOGI GUACU;Rodoviária Convencional
TRANSRAPIDO SÃO FRANCISCO LTDA;4390;4;COSMORAMA - SAO JOSE DO RIO PRETO;Semiurbana
VIAÇÃO PIRACICABANA S/A;4396;3;MARILIA - BOTUCATU;Rodoviária Convencional
EMPRESA DE ÔNIBUS PASSARO MARRON S/A;4421;5;SÃO PAULO (T.TIÊTE) - JACAREI;Rodoviária Convencional
EMPRESA DE ÔNIBUS PASSARO MARRON S/A;4422;5;SÃO PAULO (T.TIÊTE) - JACAREI;Rodoviária Convencional
EMPRESA DE ÔNIBUS PASSARO MARRON S/A;4424;5;SÃO PAULO (T.TIÊTE) - SAO JOSE DOS CAMPOS;Rodoviária Convencional
EMPRESA DE ÔNIBUS PASSARO MARRON S/A;4425;5;SÃO PAULO (T.TIÊTE) - CACAPAVA;Rodoviária Convencional
EMPRESA DE ÔNIBUS PASSARO MARRON S/A;4427;5;SÃO PAULO (T.TIÊTE) - TREMEMBE;Rodoviária Convencional
EMPRESA DE ÔNIBUS PASSARO MARRON S/A;4428;5;SÃO PAULO (T.TIÊTE) - PINDAMONHANGABA;Rodoviária Convencional
EMPRESA DE ÔNIBUS PASSARO MARRON S/A;4429;5;SÃO PAULO (T.TIÊTE) - GUARATINGUETA;Rodoviária Convencional
EMPRESA DE ÔNIBUS PASSARO MARRON S/A;4430;5;SÃO PAULO (T.TIÊTE) - CRUZEIRO;Rodoviária Convencional
VIAÇÃO JACAREI LTDA;4431;5;SAO JOSE DOS CAMPOS - JACAREI;Semiurbana
EMPRESA DE ÔNIBUS PASSARO MARRON S/A;4432;5;SAO JOSE DOS CAMPOS - TAUBATE;Rodoviária Convencional
EMPRESA DE ÔNIBUS PASSARO MARRON S/A;4433;5;GUARULHOS(AER.INT.CUMBICA - SAO JOSE DOS CAMPOS;Rodoviária Convencional
EMPRESA DE ÔNIBUS PASSARO MARRON S/A;4434;5;QUELUZ - SAO JOSE DOS CAMPOS;Rodoviária Convencional
EMPRESA DE ÔNIBUS PASSARO MARRON S/A;4435;5;PIQUETE - SÃO PAULO (T.TIÊTE);Rodoviária Convencional
EMPRESA DE ÔNIBUS PASSARO MARRON S/A;4436;5;GUARATINGUETA - LORENA;Rodoviária Convencional
EMPRESA DE ÔNIBUS PASSARO MARRON S/A;4437;5;LORENA - PIQUETE;Rodoviária Convencional
VIAÇÃO COMETA S/A;4443;5;SÃO PAULO (T.TIÊTE) - LORENA;Rodoviária Convencional
TRANSPORTES E TURISMO EROLES LTDA;4446;5;SAO JOSE DOS CAMPOS - IGARATA;Semiurbana
TRANSPORTES E TURISMO EROLES LTDA;4447;5;JACAREI - SANTA ISABEL;Semiurbana
EXPRESSO ITAMARATI S/A;4488;4;PONTES GESTAL - TANABI;Semiurbana
TRANSPORTE COLETIVO CÉLICO EIRELI;4496;4;MONTE APRAZIVEL - BURITAMA;Rodoviária Convencional
TRANSPORTE COLETIVO CÉLICO EIRELI;4497;4;BIRIGUI - LOURDES;Rodoviária Convencional
VB TRANSPORTES E TURISMO LTDA;4508;1;INDAIATUBA - SÃO PAULO (T.TIÊTE);Rodoviária Convencional
VB TRANSPORTES E TURISMO LTDA;4509;1;SALTO - ITU;Semiurbana
TRANSPORTADORA TUR.MONTE ALEGRE LTDA;4525;1;PIRACICABA - JAU;Rodoviária Convencional
VIAÇÃO LIRA LTDA;4535;1;SÃO PAULO (T.TIÊTE) - CAMPINAS;Rodoviária Convencional
EMPRESA AUTO ÔNIBUS F.VICENTE LTDA;4544;3;IACANGA - BARIRI;Rodoviária Convencional
VB TRANSPORTES E TURISMO LTDA;4545;1;CAMPINAS - ITU;Rodoviária Convencional
EMPRESA RODOVIARIA PIRACICABANA LTDA;4568;1;SERRA NEGRA - AGUAS DE LINDOIA;Semiurbana
EMPRESA RODOVIARIA PIRACICABANA LTDA;4569;1;CAMPINAS - SOCORRO;Rodoviária Convencional
VIAÇÃO COMETA S/A;4596;5;SÃO PAULO (T.TIÊTE) - FRANCA;Rodoviária Convencional
TRANSPORTADORA SÃO PEDRO LTDA;4597;2;ITAPETININGA - GUAREI;Rodoviária Convencional
EMPRESA DE TRANSPORTES ANDORINHA S/A;4622;3;PRESIDENTE EPITACIO - PRESIDENTE PRUDENTE;Rodoviária Convencional
TRANSPORTE COLETIVO CÉLICO EIRELI;4626;4;PLANALTO - ARACATUBA;Semiurbana
VIAÇÃO PIRACICABANA S/A;4629;3;PERUIBE - SAO PAULO(T.JABAQUARA);Rodoviária Litorânea
EXPRESSO INTEGRAÇÃO DO VALE LTDA - EPP;4647;3;CRUZALIA - TARUMA;Semiurbana
EMPRESA DE TRANSPORTES ANDORINHA S/A;4656;3;PRESIDENTE PRUDENTE - SÃO PAULO(BARRA FUNDA);Rodoviária Convencional
VALLESUL TRANSPORTES E TURISMO LTDA;4669;5;PERUIBE - CANANEIA;Rodoviária Litorânea
VIAÇÃO RAPIDO BRASIL S/A;4689;5;SAO PAULO(T.JABAQUARA) - SAO VICENTE;Rodoviária Litorânea
VIAÇÃO PARATY LTDA;4692;4;JAU - BORACEIA;Rodoviária Convencional
EXPRESSO ITAMARATI S/A;4719;4;SAO JOSE DO RIO PRETO - MIRASSOL;Semiurbana
EXPRESSO ITAMARATI S/A;4720;4;SAO JOSE DO RIO PRETO - NEVES PAULISTA;Semiurbana
EXPRESSO ITAMARATI S/A;4721;4;SAO JOSE DO RIO PRETO - MONTE APRAZIVEL;Semiurbana
EXPRESSO ITAMARATI S/A;4722;4;SAO JOSE DO RIO PRETO - PEREIRA BARRETO;Rodoviária Convencional
VIAÇÃO PIRACICABA - LIMEIRA LTDA;4735;1;PIRACICABA - RIBEIRAO PRETO;Rodoviária Convencional
RAPIDO D OESTE LTDA;4736;1;RIBEIRAO PRETO - DIVINOLANDIA;Rodoviária Convencional
EMPRESAS REUNIDAS PAULISTA DE TRANSPORTES LTDA;4749;3;ARACATUBA - RIBEIRAO PRETO;Rodoviária Convencional
AVOA DE CANDIDO MOTA LTDA - EPP;4760;3;ASSIS - CANDIDO MOTA;Semiurbana
VIAÇÃO GUAXUPE LTDA;4779;1;MOGI GUACU - AGUAI;Rodoviária Convencional
AUTO ÔNIBUS SOAMIN LTDA;4790;5;JUQUITIBA - MIRACATU;Semiurbana
EXPRESSO ADAMANTINA LTDA;4801;3;MARILIA - DRACENA;Rodoviária Convencional
EXPRESSO ITAMARATI S/A;4818;4;NHANDEARA - ARACATUBA;Semiurbana
EXPRESSO ITAMARATI S/A;4832;4;SAO JOSE DO RIO PRETO - RIBEIRAO PRETO;Rodoviária Convencional
EXPRESSO LIMEIRA DE VIAÇÃO LTDA;4833;1;IRACEMAPOLIS - LIMEIRA;Rodoviária Convencional
EMPRESAS REUNIDAS PAULISTA DE TRANSPORTES LTDA;4842;3;BAURU - SAO CARLOS;Rodoviária Convencional
VAT VIACAO ADAMANTINA DE TRANSPORTES LTDA;4844;3;BARIRI - BAURU;Semiurbana
EMPRESAS REUNIDAS PAULISTA DE TRANSPORTES LTDA;4845;3;BAURU - ARARAQUARA;Rodoviária Convencional
RAPIDO LUXO CAMPINAS LTDA;4856;1;JUNDIAI - CAMPO LIMPO PTA.(KRUPP);Semiurbana
EXPRESSO ITAMARATI S/A;4889;4;SAO PAULO - SANTA FE DO SUL;Rodoviária Convencional
TRANSPORTE COLETIVO CÉLICO EIRELI;4895;4;TANABI - JOSE BONIFACIO;Rodoviária Convencional
AUTO ÔNIBUS SÃO JOÃO LTDA;4938;2;VOTORANTIM(terminal) - SOROCABA(Lageado);Semiurbana
SÃO JOÃO FRETAMENTO E TURISMO S/A;4939;2;VOTORANTIM(V.IRINEU) - SOROCABA(Via Barcelona);Semiurbana
VIAÇÃO PIRACICABANA S/A;4956;3;SAO PAULO(T.JABAQUARA) - CUBATAO(JD.CASQUEIRO);Rodoviária Litorânea
VB TRANSPORTES E TURISMO LTDA;5008;1;LIMEIRA - CAMPINAS;Rodoviária Convencional
VIAÇÃO MACIR RAMAZINI TURISMO LTDA;5013;1;VIRADOURO - BEBEDOURO;Semiurbana
VIAÇÃO MOURÃO LTDA;5043;3;LENCOIS PAULISTA - BARRA BONITA;Rodoviária Convencional
EMPRESA RODOVIARIA PIRACICABANA LTDA;5052;1;PINHALZINHO - CAMPINAS;Rodoviária Convencional
EXPRESSO ITAMARATI S/A;5062;4;MONTE ALTO - RIBEIRAO PRETO;Semiurbana
RAPIDO RIO PARDO TRANSPORTE E TURISMO LTDA-EPP;5072;3;SANTA CRUZ RIO PARDO - BERNARDINO DE CAMPOS;Semiurbana
TRANSRAPIDO SÃO FRANCISCO LTDA;5076;4;TANABI - RIOLANDIA;Rodoviária Convencional
VIAÇÃO PIRACICABANA S/A;5081;3;TUPI PAULISTA - SÃO PAULO(BARRA FUNDA);Rodoviária Convencional
EXPRESSO ITAMARATI S/A;5084;4;SANTA FE DO SUL - ILHA SOLTEIRA;Semiurbana
AUTO ÔNIBUS VERZOLLA LTDA;5088;4;TAIACU - JABOTICABAL;Semiurbana
VIAÇÃO MACIR RAMAZINI TURISMO LTDA;5107;1;TERRA ROXA - VIRADOURO;Semiurbana
JANDAIA TRANSPORTES E TURISMO LTDA;5121;3;PRESIDENTE PRUDENTE - MARTINOPOLIS;Semiurbana
EMPRESA DE ÔNIBUS PASSARO MARRON S/A;5126;5;LORENA - SAO JOSE DOS CAMPOS;Rodoviária Convencional
AUTO VIAÇÃO M.M. SOUZA TURISMO LTDA;5194;1;RAFARD - CAPIVARI;Semiurbana
VIAÇÃO MOURÃO LTDA;5195;3;LENCOIS PAULISTA - PEDERNEIRAS;Rodoviária Convencional
VIAÇÃO DANUBIO AZUL LTDA;5202;1;SÃO PAULO(BARRA FUNDA) - PIEDADE;Rodoviária Convencional
VIAÇÃO DANUBIO AZUL LTDA;5203;1;SÃO PAULO(BARRA FUNDA) - TAPIRAI;Rodoviária Convencional
VAT VIACAO ADAMANTINA DE TRANSPORTES LTDA;5207;3;PRESIDENTE EPITACIO - ILHA SOLTEIRA;Rodoviária Convencional
VIACAO SC MIRIM GUACU LTDA;5218;1;MOJI MIRIM - MOGI GUACU;Semiurbana
AUTO VIAÇÃO OURINHOS ASSIS LTDA;5232;3;ASSIS - PORTO LEOPOLDINO;Semiurbana
VIAÇÃO COMETA S/A;5233;5;SAO PAULO(T.JABAQUARA) - P.GRANDE(V.MIRIM);Rodoviária Litorânea
EMPRESA DE ÔNIBUS ATILIO NATAL LTDA;5271;3;OSVALDO CRUZ - GUARARAPES;Semiurbana
EMPRESA PRINCESA DO NORTE S/A;5274;3;SÃO PAULO(BARRA FUNDA) - ITAPORANGA;Rodoviária Convencional
VIAÇÃO PARATY LTDA;5277;4;ARARAQUARA - RIBEIRAO BONITO;Semiurbana
VIAÇÃO GUAXUPE LTDA;5279;1;MOGI GUACU - MOCOCA;Rodoviária Convencional
VIAÇÃO GUAXUPE LTDA;5284;1;SAO JOAO DA BOA VISTA - MOCOCA;Rodoviária Convencional
EXPRESSO ADAMANTINA LTDA;5311;3;TUPI PAULISTA - PANORAMA;Semiurbana
EXPRESSO ADAMANTINA LTDA;5312;3;DRACENA - SAO JOAO DO PAU DALHO;Semiurbana
VIAÇÃO PARATY LTDA;5324;4;ARARAQUARA - MATAO;Semiurbana
EMPRESA RODOVIARIA PIRACICABANA LTDA;5345;1;ITATIBA - JUNDIAI;Semiurbana
EXPRESSO ADAMANTINA LTDA;5347;3;DRACENA - PANORAMA;Semiurbana
EMPRESA RODOVIARIA PIRACICABANA LTDA;5355;1;AMPARO - ITAPIRA;Rodoviária Convencional
AUTO ÔNIBUS CIZINO ARAUJO LTDA;5362;4;ARIRANHA - CATANDUVA;Semiurbana
VALLESUL TRANSPORTES E TURISMO LTDA;5389;5;PERUIBE - ELDORADO;Rodoviária Litorânea
EMPRESA DE ÔNIBUS PASSARO MARRON S/A;5423;5;PIQUETE - CRUZEIRO;Rodoviária Convencional
AUTO VIAÇÃO BRAGANCA LTDA;5425;1;AGUAS DE LINDOIA - SERRA NEGRA;Semiurbana
VIAÇÃO PRESIDENTE LTDA;5437;1;FRANCA - RIBEIRAO PRETO;Rodoviária Convencional
AUTO VIAÇÃO BRAGANCA LTDA;5441;1;AGUAS DE LINDOIA - SÃO PAULO (T.TIÊTE);Rodoviária Convencional
VIAÇÃO ATIBAIA SÃO PAULO LTDA;5574;1;SÃO PAULO (T.TIÊTE) - JOANOPOLIS;Rodoviária Convencional
VIAÇÃO ATIBAIA SÃO PAULO LTDA;5575;1;GUARULHOS - NAZARE PAULISTA;Semiurbana
RIBE TRANSPORTE LTDA - EPP;5584;1;JARDINOPOLIS - RIBEIRAO PRETO;Semiurbana
EMPRESA DE ÔNIBUS LUCHINI LTDA;5592;3;FAZENDA SANTA ROSA - ASSIS;Semiurbana
VIAÇÃO DANUBIO AZUL LTDA;5593;1;SÃO PAULO (T.TIÊTE) - DESCALVADO;Rodoviária Convencional
EXPRESSO REGIONAL TRANSPORTES LTDA;5595;2;MAIRINQUE - SAO PAULO;Rodoviária Convencional
VIAÇÃO DANUBIO AZUL LTDA;5596;1;SAO PAULO - TAMBAU;Rodoviária Convencional
CRISTALENSE TRANSPORTES E TURISMO LTDA;5598;1;FRANCA - SAO JOSE DA BELA VISTA;Semiurbana
VALLESUL TRANSPORTES E TURISMO LTDA;5614;5;ILHA COMPRIDA - SANTOS;Rodoviária Litorânea
VB TRANSPORTES E TURISMO LTDA;5624;1;ELIAS FAUSTO - INDAIATUBA;Semiurbana
VIAÇÃO GUAXUPE LTDA;5636;1;MOCOCA - TAPIRATIBA;Rodoviária Convencional
AUTO VIAÇÃO OURINHOS ASSIS LTDA;5640;3;SAO PEDRO DO TURVO - OURINHOS;Semiurbana
EMPRESA DE ÔNIBUS ROSA LTDA;5658;2;TATUI - LARANJAL PAULISTA;Rodoviária Convencional
EMPRESA PRINCESA DO NORTE S/A;5664;3;AVARE - FARTURA;Semiurbana
EMPRESA PRINCESA DO NORTE S/A;5668;3;TAQUARITUBA - ITARARE;Rodoviária Convencional
EMPRESA PRINCESA DO NORTE S/A;5669;3;AVARE - ARANDU;Semiurbana
EMPRESA PRINCESA DO NORTE S/A;5670;3;FARTURA - SÃO PAULO(BARRA FUNDA);Rodoviária Convencional
EMPRESA PRINCESA DO NORTE S/A;5671;3;FARTURA - SÃO PAULO(BARRA FUNDA);Rodoviária Convencional
EMPRESA AUTO ÔNIBUS MANOEL RODRIGUES S/A;5672;3;PIRAJU - AGUAS DE SANTA BARBARA;Rodoviária Convencional
VB TRANSPORTES E TURISMO LTDA;5678;1;JUNDIAI - VINHEDO;Semiurbana
EMPRESA DE ÔNIBUS VILA ELVIO LTDA;5687;2;IBIUNA - SOROCABA;Rodoviária Convencional
RAPIDO LUXO CAMPINAS LTDA;5712;1;INDAIATUBA - JUNDIAI;Semiurbana
EMPRESA RODOVIARIA PIRACICABANA LTDA;5714;1;AMPARO - BRAGANCA PAULISTA;Rodoviária Convencional
AUTO VIAÇÃO BRAGANCA LTDA;5739;1;BRAGANCA PAULISTA - PEDRA BELA;Semiurbana
AUTO VIAÇÃO OURINHOS ASSIS LTDA;5743;3;OURINHOS - SANTA CRUZ RIO PARDO;Semiurbana
EMPRESA CURITIBA CERRO AZUL LTDA;5745;2;APIAI - RIBEIRA;Rodoviária Convencional
EMPRESA RODOVIARIA PIRACICABANA LTDA;5747;1;AMPARO - JUNDIAI;Rodoviária Convencional
EXPRESSO ITAMARATI S/A;5757;4;AURIFLAMA - ILHA SOLTEIRA;Rodoviária Convencional
EXPRESSO ITAMARATI S/A;5759;4;JALES - DIRCE REIS;Semiurbana
VAT VIACAO ADAMANTINA DE TRANSPORTES LTDA;5768;3;NOVA INDEPENDENCIA - ANDRADINA;Semiurbana
VIAÇÃO MATIAS LTDA;5785;3;PENAPOLIS - LUIZIANIA;Rodoviária Convencional
VIASOL TRANSPORTES RODOVIÁRIOS LTDA.;5804;1;MOJI MIRIM - LIMEIRA;Rodoviária Convencional
EXPRESSO ITAMARATI S/A;5806;4;ILHA SOLTEIRA - SÃO PAULO(BARRA FUNDA);Rodoviária Convencional
EMPRESA CRUZ DE TRANSPORTES LTDA;5844;4;ARARAQUARA - ITAPOLIS;Rodoviária Convencional
VIAÇÃO PIRACICABANA S/A;5845;3;OSASCO - REGINOPOLIS;Rodoviária Convencional
VIAÇÃO PIRACICABANA S/A;5846;3;SÃO PAULO (T.TIÊTE) - NOVO HORIZONTE;Rodoviária Convencional
VIAÇÃO PIRACICABANA S/A;5847;3;RIBEIRAO PRETO - ARARAQUARA;Rodoviária Convencional
VIAÇÃO PIRACICABANA S/A;5848;3;ARARAQUARA - SÃO PAULO (T.TIÊTE);Rodoviária Convencional
VIAÇÃO PIRACICABANA S/A;5849;3;ARARAQUARA - AMERICO BRASILIENSE;Semiurbana
VIAÇÃO PIRACICABANA S/A;5850;3;SAO CARLOS - RIBEIRAO PRETO;Rodoviária Convencional
EXPRESSO ADAMANTINA LTDA;5865;3;DRACENA - PRESIDENTE EPITACIO;Rodoviária Convencional
VIASOL TRANSPORTES RODOVIÁRIOS LTDA.;5870;1;DESCALVADO - SAO CARLOS;Rodoviária Convencional
EMPRESA DE ÔNIBUS PASSARO MARRON S/A;5882;5;SÃO PAULO (T.TIÊTE) - CAMPOS DO JORDAO;Rodoviária Convencional
EXPRESSO ADAMANTINA LTDA;5888;3;PACAEMBU - ADAMANTINA;Semiurbana
VIAÇÃO LUWASA LTDA;5915;4;NOVO HORIZONTE - CATANDUVA;Semiurbana
VIAÇÃO LUWASA LTDA;5916;4;MARILIA - CATANDUVA;Rodoviária Convencional
VIAÇÃO PIRACICABANA S/A;5918;3;ARARAQUARA - SAO JOSE DO RIO PRETO;Rodoviária Convencional
VIAÇÃO LUWASA LTDA;5919;4;SALES - CATANDUVA;Semiurbana
VIAÇÃO LUWASA LTDA;5920;4;SABINO - LINS;Semiurbana
VIAÇÃO LUWASA LTDA;5921;4;CATANDUVA - ITAJOBI;Semiurbana
VIAÇÃO LUWASA LTDA;5922;4;CATANDUVA - IBITINGA;Semiurbana
VIAÇÃO LUWASA LTDA;5923;4;CATANDUVA - PALMARES PAULISTA;Semiurbana
VIAÇÃO LUWASA LTDA;5924;4;CATANDUVA - CAJOBI;Semiurbana
VIAÇÃO LUWASA LTDA;5925;4;CATANDUVA - PIRANGI;Semiurbana
VIAÇÃO LUWASA LTDA;5949;4;PONGAI - JULIO MESQUITA;Semiurbana
VB TRANSPORTES E TURISMO LTDA;5960;1;FAZENDA SOBRADO - CAPIVARI;Rodoviária Convencional
VIAÇÃO GUAXUPE LTDA;5973;1;CASA BRANCA - MOCOCA;Rodoviária Convencional
VB TRANSPORTES E TURISMO LTDA;5999;1;RAFARD - PIRACICABA;Rodoviária Convencional
PEVÊ-TUR TRANSPORTES E TURISMO LTDA;6002;4;TALHADO - SAO JOSE DO RIO PRETO;Semiurbana
VIAÇÃO DANUBIO AZUL LTDA;6010;1;SAO JOAQUIM DA BARRA - PITANGUEIRAS;Rodoviária Convencional
VIAÇÃO DANUBIO AZUL LTDA;6011;1;SAO JOAQUIM DA BARRA - MORRO AGUDO;Semiurbana
VIAÇÃO PARATY LTDA;6014;4;SAO CARLOS - ARARAQUARA;Rodoviária Convencional
JANDAIA TRANSPORTES E TURISMO LTDA;6028;3;PRESIDENTE PRUDENTE - NOVA PATRIA;Semiurbana
EMPRESA AUTO ÔNIBUS SÃO JORGE LTDA;6029;2;ARACOIABA DA SERRA - SOROCABA;Semiurbana
VIAÇÃO SÃO RAPHAEL LTDA;6037;4;CARDOSO - SAO JOSE DO RIO PRETO;Rodoviária Convencional
JANDAIA TRANSPORTES E TURISMO LTDA;6059;3;PRESIDENTE PRUDENTE - SANTO EXPEDITO;Semiurbana
ABC - TRANSPORTES COLETIVOS VALE DO PARAIBA LTDA;6074;5;TAUBATE - PINDAMONHANGABA;Semiurbana
ABC - TRANSPORTES COLETIVOS VALE DO PARAIBA LTDA;6075;5;TREMEMBE - CACAPAVA;Semiurbana
RAPIDO LUXO CAMPINAS LTDA;6092;1;ITATINGA - RUBIÃO JUNIOR (UNESP);Semiurbana
TRANSPORTADORA TURÍSTICA LEONE LTDA;6109;4;JABOTICABAL - PITANGUEIRAS;Semiurbana
VIAÇÃO SÃO RAPHAEL LTDA;6139;4;BARRETOS - RIOLANDIA;Rodoviária Convencional
VIAÇÃO SÃO RAPHAEL LTDA;6140;4;OLIMPIA - RIOLANDIA;Rodoviária Convencional
VIAÇÃO COMETA S/A;6142;5;SÃO PAULO(BARRA FUNDA) - TATUI;Rodoviária Convencional
VIAÇÃO SÃO JOSÉ LTDA;6143;4;POPULINA - JALES;Semiurbana
VIAÇÃO SANTA CRUZ LTDA;6144;1;SAO JOAO DA BOA VISTA - SÃO PAULO (T.TIÊTE);Rodoviária Convencional
VIAÇÃO GUAXUPE LTDA;6145;1;SAO JOSE DO RIO PARDO - SAO JOAO DA BOA VISTA;Rodoviária Convencional
VIAÇÃO GUAXUPE LTDA;6146;1;SAO JOSE DO RIO PARDO - SAO JOAO DA BOA VISTA;Rodoviária Convencional
VIAÇÃO SANTA CRUZ LTDA;6147;1;VARGEM GRANDE DO SUL - AGUAS DA PRATA;Rodoviária Convencional
TRANSPEN-TRANSPORTE COLETIVO E ENCOMENDAS LTDA;6154;2;BARAO DE ANTONINA - ITARARE;Rodoviária Convencional
GUERINO SEISCENTO TRANSPORTES S/A;6158;3;TUPA - ASSIS;Rodoviária Convencional
EMPRESA DE ÔNIBUS LUCHINI LTDA;6163;3;BORÁ - SAO JOSE LARANJEIRAS;Semiurbana
GUERINO SEISCENTO TRANSPORTES S/A;6168;3;QUEIROZ. - POMPEIA;Rodoviária Convencional
VIAÇÃO SÃO ROQUE LTDA;6177;2;SAO ROQUE - IBIUNA;Rodoviária Convencional
VB TRANSPORTES E TURISMO LTDA;6186;1;COSMOPOLIS - LIMEIRA;Semiurbana
VB TRANSPORTES E TURISMO LTDA;6194;1;CONCHAL - COSMOPOLIS;Rodoviária Convencional
EXPRESSO ADAMANTINA LTDA;6206;3;MARILIA - RIBEIRAO PRETO;Rodoviária Convencional
TURISMAR TRANSPORTE E TURISMO LTDA;6218;3;MARILIA - GARCA;Semiurbana
VIAÇÃO MACIR RAMAZINI TURISMO LTDA;6228;1;MORRO AGUDO - RIBEIRAO PRETO;Rodoviária Convencional
TRANSPORTE COLETIVO CÉLICO EIRELI;6234;4;BURITAMA - JOSE BONIFACIO;Semiurbana
VIAÇÃO GUAXUPE LTDA;6239;1;PIRASSUNUNGA - AGUAS DA PRATA;Rodoviária Convencional
EXPRESSO AMARELINHO LTDA;6240;2;CAPAO BONITO - ITAPETININGA;Rodoviária Convencional
EXPRESSO AMARELINHO LTDA;6241;2;ITAPETININGA - ITAPEVA;Rodoviária Convencional
REAL EXPRESSO LTDA;6251;5;SÃO PAULO (T.TIÊTE) - IGARAPAVA;Rodoviária Convencional
VB TRANSPORTES E TURISMO LTDA;6257;1;ITAPETININGA - CAMPINAS;Rodoviária Convencional
VB TRANSPORTES E TURISMO LTDA;6258;1;PORTO FELIZ - ITU;Semiurbana
RAPIDO RIBEIRAO PRETO LTDA;6267;1;RIBEIRAO PRETO - SÃO PAULO (T.TIÊTE);Rodoviária Convencional
RAPIDO LINENSE LTDA;6268;3;LINS - GETULINA;Semiurbana
EMPRESA AUTO ÔNIBUS SÃO JORGE LTDA;6274;2;SARAPUI - SOROCABA;Rodoviária Convencional
JANDAIA TRANSPORTES E TURISMO LTDA;6276;3;PRESIDENTE PRUDENTE - TARABAI;Semiurbana
JANDAIA TRANSPORTES E TURISMO LTDA;6277;3;PRESIDENTE PRUDENTE - PIRAPOZINHO;Semiurbana
EMPRESA RODOVIARIA PIRACICABANA LTDA;6281;1;AMPARO - CAMPINAS;Semiurbana
RAPIDO LINENSE LTDA;6286;3;LINS - PENAPOLIS;Semiurbana
EMPRESA DE ÔNIBUS PASSARO MARRON S/A;6290;5;CAMPOS DO JORDAO - CAMPINAS;Rodoviária Convencional
VIAÇÃO SANTA CRUZ LTDA;6293;1;LIMEIRA - ARTUR NOGUEIRA;Rodoviária Convencional
TIETEENSE AGÊNCIA DE VIAGENS E TURISMO LTDA;6295;2;FAZENDA DO ALEMAO - CESARIO LANGE;Rodoviária Convencional
VIAÇÃO ATIBAIA SÃO PAULO LTDA;6297;1;ATIBAIA - CAMPINAS;Rodoviária Convencional
RAPIDO D OESTE LTDA;6309;1;RIBEIRAO PRETO - SANTA ROSA DO VITERBO;Semiurbana
RAPIDO D OESTE LTDA;6310;1;RIBEIRAO PRETO - RINCAO;Semiurbana
RAPIDO D OESTE LTDA;6311;1;RIBEIRAO PRETO - SAO JOSE DO RIO PRETO;Rodoviária Convencional
RAPIDO D OESTE LTDA;6312;1;RIBEIRAO PRETO - TAQUARITINGA;Semiurbana
RAPIDO D OESTE LTDA;6313;1;RIBEIRAO PRETO - BEBEDOURO;Semiurbana
RAPIDO D OESTE LTDA;6315;1;SAO SIMAO - LUIZ ANTONIO;Semiurbana
VIAÇÃO DANUBIO AZUL LTDA;6316;1;BARRETOS - PORTO FERREIRA;Rodoviária Convencional
TRANSPORTADORA TURÍSTICA PETITTO LTDA;6319;1;GUARIBA - RIBEIRAO PRETO;Semiurbana
RAPIDO D OESTE LTDA;6320;1;RIBEIRAO PRETO - MOCOCA;Rodoviária Convencional
RAPIDO D OESTE LTDA;6321;1;RIBEIRAO PRETO - CACONDE;Rodoviária Convencional
RAPIDO D OESTE LTDA;6322;1;RIBEIRAO PRETO - LUIZ ANTONIO;Semiurbana
AUTO VIAÇÃO OURINHOS ASSIS LTDA;6327;3;PALMITAL - PLATINA;Semiurbana
BREDA SOROCABA TRANSPORTES E TUR. LTDA;6347;2;SOROCABA - SALTO DE PIRAPORA;Rodoviária Convencional
EMPRESAS REUNIDAS PAULISTA DE TRANSPORTES LTDA;6352;3;BAURU - SAO JOSE DO RIO PRETO;Rodoviária Convencional
TRANSPORTES E TURISMO EROLES LTDA;6370;5;JACAREI - MOGI DAS CRUZES;Semiurbana
JANDAIA TRANSPORTES E TURISMO LTDA;6374;3;PRESIDENTE PRUDENTE - SANDOVALINA;Semiurbana
VIAÇÃO COMETA S/A;6376;5;SAO BERNARDO DO CAMPO - RIBEIRAO PRETO;Rodoviária Convencional
VB TRANSPORTES E TURISMO LTDA;6389;1;PIRACICABA - LIMEIRA;Rodoviária Convencional
BREDA SOROCABA TRANSPORTES E TUR. LTDA;6391;2;SAO MIGUEL ARCANJO - SOROCABA;Rodoviária Convencional
EXPRESSO AMARELINHO LTDA;6408;2;CAPAO BONITO - BURI;Semiurbana
VIAÇÃO NOSSA SENHORA DA PONTE LTDA;6411;2;SOROCABA - TIETE;Rodoviária Convencional
VINCO - VIAÇÃO NOIVACOLINENSE LTDA;6412;1;RIO DAS PEDRAS - PIRACICABA;Semiurbana
AUTO ÔNIBUS SÃO JOÃO LTDA;6414;2;VOTORANTIM(terminal) - SOROCABA(Via Rio Acima);Semiurbana
EXPRESSO ITAMARATI S/A;6415;4;APARECIDA DOESTE - SANTA CLARA DOESTE;Semiurbana
EXPRESSO GARDENIA LTDA;6417;5;SAO BENTO DO SAPUCAI - PINDAMONHANGABA;Rodoviária Convencional
VALLESUL TRANSPORTES E TURISMO LTDA;6418;5;SÃO PAULO(BARRA FUNDA) - ELDORADO;Rodoviária Convencional
VALLESUL TRANSPORTES E TURISMO LTDA;6419;5;SÃO PAULO(BARRA FUNDA) - CANANEIA;Rodoviária Litorânea
VALLESUL TRANSPORTES E TURISMO LTDA;6420;5;JUNDIAI - PARIQUERA-ACU;Rodoviária Convencional
VALLESUL TRANSPORTES E TURISMO LTDA;6421;5;SÃO PAULO(BARRA FUNDA) - ILHA COMPRIDA;Rodoviária Litorânea
VALLESUL TRANSPORTES E TURISMO LTDA;6423;5;SÃO PAULO(BARRA FUNDA) - PERUIBE;Rodoviária Litorânea
VIAÇÃO DANUBIO AZUL LTDA;6429;1;BARRETOS - MORRO AGUDO;Semiurbana
VIAÇÃO PIRACICABANA S/A;6433;3;BAURU - SÃO PAULO(BARRA FUNDA);Rodoviária Convencional
VIAÇÃO ATIBAIA SÃO PAULO LTDA;6437;1;NAZARE PAULISTA - SÃO PAULO (T.TIÊTE);Rodoviária Convencional
EMPRESA DE TRANSPORTES ANDORINHA S/A;6441;3;PRESIDENTE EPITACIO - PRESIDENTE VENCESLAU;Semiurbana
RODOVIÁRIO IBITINGUENSE LTDA;6444;3;PRESIDENTE ALVES - IACANGA;Semiurbana
AUTO ÔNIBUS DEL OESTE LTDA - EPP;6459;3;PIRAJU - AGUAS DE SANTA BARBARA;Semiurbana
CRISTALENSE TRANSPORTES E TURISMO LTDA;6460;1;FRANCA - ITUVERAVA;Semiurbana
CRISTALENSE TRANSPORTES E TURISMO LTDA;6461;1;FRANCA - RIBEIRAO CORRENTE;Semiurbana
EMPRESA PRINCESA DO NORTE S/A;6471;3;PIRAJU - BAURU;Rodoviária Convencional
AUTO ÔNIBUS SÃO JOÃO LTDA;6474;2;PORTO FELIZ - SOROCABA;Semiurbana
VIAÇÃO CIDADE AZUL E TURISMO LTDA;6477;1;RIO CLARO - IPEUNA;Semiurbana
VIAÇÃO JACAREI LTDA;6490;5;MOGI DAS CRUZES - SAO JOSE DOS CAMPOS;Rodoviária Convencional
VIAÇÃO COMETA S/A;6492;5;MOGI DAS CRUZES - RIBEIRAO PIRES;Rodoviária Litorânea
VIAÇÃO JACAREI LTDA;6493;5;MOGI DAS CRUZES - APARECIDA;Rodoviária Convencional
VIASOL TRANSPORTES RODOVIÁRIOS LTDA.;6503;1;LIMEIRA - ARARAS;Rodoviária Convencional
PASCOTUR EMPRESA DE TRANSP.PASSAG.LTDA;6505;3;LUCELIA - MARTINOPOLIS;Semiurbana
EXPRESSO REDENCAO TRANSPORTES E TURISMO LTDA;6524;5;NATIVIDADE DA SERRA - TAUBATE;Semiurbana
EMPRESA DE TRANSPORTES ANDORINHA S/A;6540;3;PRESIDENTE PRUDENTE - TEODORO SAMPAIO;Semiurbana
EMPRESA DE TRANSPORTES ANDORINHA S/A;6541;3;PRESIDENTE VENCESLAU - MARABA PAULISTA;Semiurbana
EMPRESA DE TRANSPORTES ANDORINHA S/A;6542;3;PRESIDENTE VENCESLAU - MIRANTE PARANAPANEMA;Semiurbana
GUERINO SEISCENTO TRANSPORTES S/A;6545;3;RINOPOLIS - TUPA;Semiurbana
GUERINO SEISCENTO TRANSPORTES S/A;6546;3;TUPA - GABRIEL MONTEIRO;Semiurbana
GUERINO SEISCENTO TRANSPORTES S/A;6547;3;PENAPOLIS - SAO JOSE DO RIO PRETO;Rodoviária Convencional
GUERINO SEISCENTO TRANSPORTES S/A;6548;3;CLEMENTINA - ARACATUBA;Semiurbana
GUERINO SEISCENTO TRANSPORTES S/A;6549;3;TUPA - CLEMENTINA;Semiurbana
GUERINO SEISCENTO TRANSPORTES S/A;6551;3;TUPA - ARCO IRIS;Semiurbana
GUERINO SEISCENTO TRANSPORTES S/A;6552;3;LINS - TUPA;Rodoviária Convencional
EMPRESAS REUNIDAS PAULISTA DE TRANSPORTES LTDA;6556;3;ARACATUBA - ILHA SOLTEIRA;Rodoviária Convencional
EXPRESSO AMARELINHO LTDA;6562;2;BURI - ITAPEVA;Semiurbana
EMPRESA DE TRANSPORTES ANDORINHA S/A;6567;3;TEODORO SAMPAIO - ROSANA;Semiurbana
VIAÇÃO DANUBIO AZUL LTDA;6568;1;SANTA RITA DO P.QUATRO - TAMBAU;Rodoviária Convencional
EMPRESA PRINCESA DO NORTE S/A;6570;3;AVARE - AGUAS DE SANTA BARBARA;Semiurbana
RAPIDO D OESTE LTDA;6580;1;OLIMPIA - BEBEDOURO;Rodoviária Convencional
EMPRESAS REUNIDAS PAULISTA DE TRANSPORTES LTDA;6583;3;BAURU - ANDRADINA;Rodoviária Convencional
EMPRESAS REUNIDAS PAULISTA DE TRANSPORTES LTDA;6584;3;BAURU - ILHA SOLTEIRA;Rodoviária Convencional
VAT VIACAO ADAMANTINA DE TRANSPORTES LTDA;6585;3;MIRANDOPOLIS - ANDRADINA;Semiurbana
VIAÇÃO CIDADE AZUL E TURISMO LTDA;6586;1;PIRASSUNUNGA - RIO CLARO;Rodoviária Convencional
AUTO VIAÇÃO BRAGANCA LTDA;6589;1;SOCORRO - ITAPIRA;Semiurbana
EMPRESA DE TRANSPORTES ANDORINHA S/A;6591;3;IEPE - PRESIDENTE PRUDENTE;Semiurbana
EMPRESA RODOVIARIA PIRACICABANA LTDA;6598;1;CAMPINAS - BRAGANCA PAULISTA;Rodoviária Convencional
EMPRESA DE ÔNIBUS LUCHINI LTDA;6603;3;PEDRINHAS PAULISTA - ASSIS;Rodoviária Convencional
RAPIDO LINENSE LTDA;6607;3;LINS - SABINO;Semiurbana
RODOVIÁRIO IBITINGUENSE LTDA;6622;3;BAURU - AREALVA;Semiurbana
RAPIDO LUXO CAMPINAS LTDA;6629;1;AVARE - AGUAS DE SANTA BARBARA;Semiurbana
AUTO VIAÇÃO M.M. SOUZA TURISMO LTDA;6631;1;CAPIVARI - TIETE;Rodoviária Convencional
BREDA SOROCABA TRANSPORTES E TUR. LTDA;6637;2;SOROCABA - REGISTRO;Rodoviária Convencional
GUERINO SEISCENTO TRANSPORTES S/A;6642;3;ASSIS - PRESIDENTE PRUDENTE;Semiurbana
EXPRESSO REGIONAL TRANSPORTES LTDA;6660;2;SAO ROQUE - OSASCO;Rodoviária Convencional
VIAÇÃO GUAXUPE LTDA;6688;1;MOGI GUACU - SAO JOSE DO RIO PARDO;Rodoviária Convencional
VIAÇÃO SÃO ROQUE LTDA;6705;2;SAO ROQUE(B.DO TABOAO) - MAIRINQUE;Semiurbana
EMPRESA PRINCESA DO NORTE S/A;6708;3;MARILIA - OCAUÇU;Semiurbana
EXPRESSO REGIONAL TRANSPORTES LTDA;6716;2;SAO ROQUE - ITAPEVI;Semiurbana
EXPRESSO INTEGRAÇÃO DO VALE LTDA - EPP;6723;3;TARUMA - FLORINEA;Semiurbana
EMPRESA DE TRANSPORTES ANDORINHA S/A;6734;3;PRESIDENTE PRUDENTE - CAMPINAS;Rodoviária Convencional
VIAÇÃO SÃO BENTO LTDA;6737;1;SAO JOAQUIM DA BARRA - GUAIRA;Semiurbana
VIAÇÃO SÃO BENTO LTDA;6738;1;RIBEIRAO PRETO - SERRA AZUL;Semiurbana
VIAÇÃO SÃO BENTO LTDA;6741;1;RIBEIRAO PRETO - FRANCA;Rodoviária Convencional
VIAÇÃO SÃO BENTO LTDA;6743;1;MIGUELOPOLIS - ITUVERAVA;Semiurbana
VIAÇÃO SÃO BENTO LTDA;6744;1;MIGUELOPOLIS - GUAIRA;Rodoviária Convencional
VIAÇÃO SÃO BENTO LTDA;6745;1;RIBEIRAO PRETO - BARRINHA;Semiurbana
TRANSPEN-TRANSPORTE COLETIVO E ENCOMENDAS LTDA;6750;2;APIAI - ITAPEVA;Rodoviária Convencional
BREDA SOROCABA TRANSPORTES E TUR. LTDA;6751;2;SOROCABA - CONCHAS;Rodoviária Convencional
EMPRESA DE ÔNIBUS JOSÉ ALEXANDRE JUNIOR LTDA;6757;1;RIO CLARO - CORUMBATAI;Semiurbana
VIAÇÃO SANTA CRUZ LTDA;6760;1;SÃO PAULO(BARRA FUNDA) - BARIRI;Rodoviária Convencional
BREDA SOROCABA TRANSPORTES E TUR. LTDA;6765;2;SOROCABA - CAPAO BONITO;Rodoviária Convencional
VIAÇÃO SÃO BENTO LTDA;6766;1;NUPORANGA - MORRO AGUDO;Rodoviária Convencional
TRANSPORTE COLETIVO CÉLICO EIRELI;6781;4;TUPA - SAO JOSE DO RIO PRETO;Rodoviária Convencional
TRANSPORTE COLETIVO CÉLICO EIRELI;6782;4;JOSE BONIFACIO - SAO JOSE DO RIO PRETO;Semiurbana
TRANSPORTE COLETIVO CÉLICO EIRELI;6784;4;PENAPOLIS - JOSE BONIFACIO;Semiurbana
VIAÇÃO SÃO BENTO LTDA;6785;1;ORLANDIA - NUPORANGA;Rodoviária Convencional
EMPRESA RODOVIARIA PIRACICABANA LTDA;6792;1;ITAPIRA - SOCORRO;Rodoviária Convencional
EMPRESA DE ÔNIBUS PASSARO MARRON S/A;6809;5;APARECIDA - POTIM;Semiurbana
TRANSPORTE COLETIVO CÉLICO EIRELI;6826;4;JOSE BONIFACIO - SANTA LUZIA;Semiurbana
EMPRESA DE ÔNIBUS LUCHINI LTDA;6827;3;ASSIS - MARACAI;Semiurbana
EXPRESSO ITAMARATI S/A;6832;4;SAO JOSE DO RIO PRETO - BARRETOS;Semiurbana
VIAÇÃO COMETA S/A;6839;5;SAO PAULO(T.JABAQUARA) - SAO VICENTE;Rodoviária Litorânea
TRANSPEN-TRANSPORTE COLETIVO E ENCOMENDAS LTDA;6847;2;GUAPIARA - ITAPEVA;Rodoviária Convencional
VIAÇÃO COMETA S/A;6858;5;SÃO PAULO (T.TIÊTE) - ARARAQUARA;Rodoviária Convencional
JODI ITAPEVA TRANSPORTES LTDA;6861;2;ITAPEVA - APIAI(RODOVIARIA);Semiurbana
EXPRESSO ITAMARATI S/A;6873;4;AURIFLAMA - FERNANDOPOLIS;Semiurbana
VIAÇÃO ATIBAIA SÃO PAULO LTDA;6880;1;ATIBAIA - CAMPO LIMPO PAULISTA;Semiurbana
TRANSPORTADORA TURÍSTICA PETITTO LTDA;6886;1;PRADOPOLIS - SERTAOZINHO;Rodoviária Convencional
VIAÇÃO LOPES LTDA;6893;3;LUCELIA - ADAMANTINA;Semiurbana
EMPRESAS REUNIDAS PAULISTA DE TRANSPORTES LTDA;6899;3;SÃO PAULO(BARRA FUNDA) - ILHA SOLTEIRA;Rodoviária Convencional
TURISMAR TRANSPORTE E TURISMO LTDA;6918;3;MARILIA - PORTO PORECATU;Rodoviária Convencional
GUERINO SEISCENTO TRANSPORTES S/A;6919;3;ARACATUBA - RANCHARIA;Rodoviária Convencional
EXPRESSO ADAMANTINA LTDA;6921;3;TUPA - RANCHARIA;Semiurbana
GUERINO SEISCENTO TRANSPORTES S/A;6924;3;BIRIGUI - SANTOPOLIS DO AGUAPEI;Rodoviária Convencional
VAT VIACAO ADAMANTINA DE TRANSPORTES LTDA;6937;3;ANALANDIA - PIRATININGA;Rodoviária Convencional
VIAÇÃO SANTA CRUZ LTDA;6950;1;CAMPINAS - SANTO ANTONIO JARDIM;Rodoviária Convencional
VAT VIACAO ADAMANTINA DE TRANSPORTES LTDA;6962;3;ARACATUBA - ILHA SOLTEIRA;Rodoviária Convencional
CRISTALENSE TRANSPORTES E TURISMO LTDA;6967;1;FRANCA - PEDREGULHO;Semiurbana
VIAÇÃO PIRACICABANA S/A;6985;3;MARILIA - SÃO PAULO(BARRA FUNDA);Rodoviária Convencional
VIAÇÃO PIRACICABANA S/A;6986;3;TUPA - SÃO PAULO(BARRA FUNDA);Rodoviária Convencional
VIAÇÃO PIRACICABANA S/A;6987;3;BAURU - SÃO PAULO(BARRA FUNDA);Rodoviária Convencional
VIAÇÃO SÃO BENTO LTDA;6989;1;RIBEIRAO PRETO - IGARAPAVA;Rodoviária Convencional
EMPRESA DE TRANSPORTES ANDORINHA S/A;6991;3;PRESIDENTE PRUDENTE - SÃO PAULO(BARRA FUNDA);Rodoviária Convencional
EMPRESA DE TRANSPORTES ANDORINHA S/A;6992;3;FLORINEA - SÃO PAULO(BARRA FUNDA);Rodoviária Convencional
EMPRESA DE TRANSPORTES ANDORINHA S/A;6993;3;PIRAPOZINHO - SÃO PAULO(BARRA FUNDA);Rodoviária Convencional
EMPRESA DE TRANSPORTES ANDORINHA S/A;6994;3;SANTO ANASTACIO - SÃO PAULO(BARRA FUNDA);Rodoviária Convencional
EMPRESA DE TRANSPORTES ANDORINHA S/A;6995;3;PRESIDENTE EPITACIO - SÃO PAULO(BARRA FUNDA);Rodoviária Convencional
RAPIDO LUXO CAMPINAS LTDA;6996;1;BOTUCATU - SOROCABA;Rodoviária Convencional
RAPIDO LUXO CAMPINAS LTDA;6997;1;TATUI - TORRE DE PEDRA;Rodoviária Convencional
EMPRESA AUTO ÔNIBUS SÃO JORGE LTDA;6998;2;TATUI - PORANGABA;Semiurbana
EMPRESA RODOVIARIA PIRACICABANA LTDA;7002;1;CAMPINAS - ATIBAIA;Rodoviária Convencional
VIAÇÃO COMETA S/A;7011;5;CAMPINAS - P.GRANDE(V.MIRIM);Rodoviária Litorânea
BREDA SOROCABA TRANSPORTES E TUR. LTDA;7012;2;SOROCABA - MONGAGUA;Rodoviária Litorânea
EXPRESSO FADEL LTDA EPP;7019;1;RANCHARIA - NANTES;Semiurbana
VIAÇÃO SÃO RAPHAEL LTDA;7020;4;SAO JOSE DO RIO PRETO - PALESTINA;Rodoviária Convencional
VIAÇÃO SÃO RAPHAEL LTDA;7021;4;SAO JOSE DO RIO PRETO - ICEM;Semiurbana
VIAÇÃO SÃO RAPHAEL LTDA;7022;4;PALESTINA - PAULO DE FARIA;Rodoviária Convencional
EMPRESA PRINCESA DO NORTE S/A;7025;3;TAQUARITUBA - AVARE;Semiurbana
VIAÇÃO SÃO BENTO LTDA;7027;1;ALTINOPOLIS - SANTO ANTONIO ALEGRIA;Semiurbana
EXPRESSO ITAMARATI S/A;7046;4;ARACATUBA - GASTAO VIDIGAL;Semiurbana
VAT VIACAO ADAMANTINA DE TRANSPORTES LTDA;7047;3;ADAMANTINA - ARACATUBA;Rodoviária Convencional
BREDA SOROCABA TRANSPORTES E TUR. LTDA;7049;2;JUQUIA - MIRACATU(ACAMP.CBA);Rodoviária Convencional
VIAÇÃO COMETA S/A;7051;5;CAMPINAS - FRANCA;Rodoviária Convencional
EMPRESA PRINCESA DO NORTE S/A;7053;3;OURINHOS - MARILIA;Rodoviária Convencional
RODOVIÁRIO E TURISMO SÃO JOSÉ LTDA;7057;5;LAGOINHA - GUARATINGUETA;Rodoviária Convencional
RODOVIÁRIO E TURISMO SÃO JOSÉ LTDA;7058;5;GUARATINGUETA - CUNHA;Rodoviária Convencional
GUERINO SEISCENTO TRANSPORTES S/A;7066;3;OURINHOS - SAO JOSE DO RIO PRETO;Rodoviária Convencional
EMPRESA AUTO ÔNIBUS MACACARI LTDA;7067;3;JAU - DOIS CORREGOS;Rodoviária Convencional
VIAÇÃO CIDADE AZUL E TURISMO LTDA;7069;1;SAO PAULO - RIO CLARO;Rodoviária Convencional
VB TRANSPORTES E TURISMO LTDA;7080;1;PIRACICABA - BROTAS;Rodoviária Convencional
VB TRANSPORTES E TURISMO LTDA;7083;1;PIRACICABA - ARARAQUARA;Rodoviária Convencional
JANDAIA TRANSPORTES E TURISMO LTDA;7084;3;CAIABU - PRESIDENTE PRUDENTE;Semiurbana
TRANSPORTADORA SALAMANCA LTDA;7086;1;ARTUR NOGUEIRA - MOJI MIRIM;Semiurbana
JANDAIA TRANSPORTES E TURISMO LTDA;7089;3;ADAMANTINA - PRESIDENTE PRUDENTE;Semiurbana
JANDAIA TRANSPORTES E TURISMO LTDA;7090;3;PRESIDENTE PRUDENTE - DRACENA;Semiurbana
JANDAIA TRANSPORTES E TURISMO LTDA;7091;3;ANHUMAS - PRESIDENTE PRUDENTE;Semiurbana
VIAÇÃO COMETA S/A;7095;5;CAMPINAS - SAO JOSE DO RIO PRETO;Rodoviária Convencional
J.C. DOS SANTOS & SANTOS TRANSPORTES LTDA - ME;7096;3;AVAI - BAURU;Semiurbana
VIAÇÃO SANTA MARIA LTDA;7104;4;BARRETOS (AV. 21) - GUAÍRA (ORBIS CLUB);Semiurbana
VIAÇÃO COMETA S/A;7106;5;CAMPINAS - LORENA;Rodoviária Convencional
VIAÇÃO PIRACEMA DE TRANSPORTE LTDA;7118;1;PIRACICABA - BOTUCATU;Rodoviária Convencional
VIAÇÃO PIRACEMA DE TRANSPORTE LTDA;7119;1;PIRACICABA - SAO PEDRO;Rodoviária Convencional
JANDAIA TRANSPORTES E TURISMO LTDA;7120;3;PRESIDENTE PRUDENTE - INDIANA;Semiurbana
JANDAIA TRANSPORTES E TURISMO LTDA;7121;3;SANTO EXPEDITO - DRACENA;Semiurbana
CONSTANCIO JOÃO DA COSTA & FILHOS LTDA;7129;3;DRACENA - PANORAMA;Semiurbana
VIAÇÃO SANTA MARIA LTDA;7139;4;BARRETOS - SAO JOAQUIM DA BARRA;Semiurbana
VAT VIACAO ADAMANTINA DE TRANSPORTES LTDA;7140;3;ARACATUBA - GUARARAPES;Semiurbana
GUERINO SEISCENTO TRANSPORTES S/A;7141;3;MARILIA - POMPEIA;Semiurbana
VIAÇÃO CIDADE AZUL E TURISMO LTDA;7148;1;AMERICANA - RIO CLARO;Rodoviária Convencional
AUTO VIAÇÃO OURINHOS ASSIS LTDA;7150;3;CAMPOS NOVOS PAULISTA - CANDIDO MOTA;Semiurbana
VIAÇÃO GUAXUPE LTDA;7153;1;MOCOCA - SAO JOSE DO RIO PARDO;Rodoviária Convencional
E. MACIEL DE BARROS & CIA. LTDA - EPP;7158;3;PENAPOLIS - LUIZIANIA;Semiurbana
TURISMAR TRANSPORTE E TURISMO LTDA;7164;3;MARILIA - OCAUÇU;Semiurbana
EMPRESA DE ÔNIBUS PASSARO MARRON S/A;7171;5;GUARATINGUETA - BANANAL;Rodoviária Convencional
EMPRESA DE ÔNIBUS PASSARO MARRON S/A;7172;5;AREIAS - CRUZEIRO;Rodoviária Convencional
EMPRESA AUTO ÔNIBUS SÃO JORGE LTDA;7180;2;IPERO - TATUI;Semiurbana
EMPRESA DE TRANSPORTES ANDORINHA S/A;7182;3;PRESIDENTE PRUDENTE - RIBEIRAO PRETO;Rodoviária Convencional
EMPRESA DE TRANSPORTES ANDORINHA S/A;7183;3;BARRETOS - SAO JOSE DO RIO PRETO;Semiurbana
EMPRESA DE TRANSPORTES ANDORINHA S/A;7185;3;PRESIDENTE PRUDENTE - RIBEIRAO PRETO;Rodoviária Convencional
RAPIDO LUXO CAMPINAS LTDA;7187;1;JUNDIAI - SANTANA DO PARNAIBA;Semiurbana
VIAÇÃO PIRACEMA DE TRANSPORTE LTDA;7188;1;TATUI - PIRACICABA;Rodoviária Convencional
VIAÇÃO DANUBIO AZUL LTDA;7189;1;SANTA RITA DO P.QUATRO - DESCALVADO;Rodoviária Convencional
POLENTUR VIAGENS E TURISMO LTDA;7194;2;BARRA DO CHAPEU(APIAI) - ITAPEVA;Rodoviária Convencional
BREDA SOROCABA TRANSPORTES E TUR. LTDA;7198;2;PILAR DO SUL - ITAPETININGA;Rodoviária Convencional
VIAÇÃO MACIR RAMAZINI TURISMO LTDA;7205;1;JABOTICABAL - GUARIBA;Semiurbana
VIAÇÃO MACIR RAMAZINI TURISMO LTDA;7206;1;ARARAQUARA - RINCAO;Semiurbana
VIAÇÃO DANUBIO AZUL LTDA;7207;1;PIRASSUNUNGA - SANTA CRUZ PALMEIRAS;Rodoviária Convencional
VIAÇÃO DANUBIO AZUL LTDA;7208;1;SANTA ROSA DO VITERBO - SANTA CRUZ PALMEIRAS;Rodoviária Convencional
VIAÇÃO MACIR RAMAZINI TURISMO LTDA;7210;1;GUARIBA - SANTA ERNESTINA;Semiurbana
VIAÇÃO DANUBIO AZUL LTDA;7211;1;BARRETOS - SEVERINIA;Rodoviária Convencional
AGOSUZI TRANSPORTES LTDA;7224;3;PIACATU - PENAPOLIS;Semiurbana
TRANSPEN-TRANSPORTE COLETIVO E ENCOMENDAS LTDA;7225;2;ITAPETININGA - PARANAPANEMA;Rodoviária Convencional
TRANSPEN-TRANSPORTE COLETIVO E ENCOMENDAS LTDA;7227;2;SÃO PAULO(BARRA FUNDA) - BURI;Rodoviária Convencional
TRANSPEN-TRANSPORTE COLETIVO E ENCOMENDAS LTDA;7228;2;ITAPETININGA - RECHAN;Semiurbana
VALLESUL TRANSPORTES E TURISMO LTDA;7230;5;REGISTRO - SANTOS;Rodoviária Litorânea
VIAÇÃO LUWASA LTDA;7246;4;SALES - IBIRA;Semiurbana
VIAÇÃO ARIRANHA LTDA - EPP;7259;4;ARIRANHA - TAQUARITINGA;Rodoviária Convencional
VIAÇÃO CALVIPE LTDA;7265;2;CONCHAS - SOROCABA;Rodoviária Convencional
ULTRA S/A - TRANSPORTES INTERURBANOS;7267;5;SAO PAULO(T.JABAQUARA) - BERTIOGA(AGÊNCIA);Rodoviária Litorânea
EMPRESA DE TRANSPORTES ANDORINHA S/A;7277;3;PRESIDENTE PRUDENTE - PRESIDENTE EPITACIO;Semiurbana
VIAÇÃO CAPITAL DOS MINERIOS LTDA;7294;2;ITAI - ITAPEVA;Rodoviária Convencional
EMPRESA RODOVIARIA PIRACICABANA LTDA;7296;1;AMPARO - MOJI MIRIM;Rodoviária Convencional
VIAÇÃO SÃO RAPHAEL LTDA;7299;4;SAO JOSE DO RIO PRETO - CARDOSO;Rodoviária Convencional
EXPRESSO TERRA ROXA LTDA;7300;4;BEBEDOURO - TERRA ROXA;Semiurbana
CRISTALENSE TRANSPORTES E TURISMO LTDA;7301;1;FRANCA - ITUVERAVA;Semiurbana
PONTUR TRANSPORTES E TURISMO LTDA;7303;2;SOROCABA - SOROCABA;Semiurbana
EMPRESA PRINCESA DO NORTE S/A;7322;3;ITAPEVA - TAQUARITUBA;Semiurbana
AUTO VIAÇÃO BRAGANCA LTDA;7323;1;AGUAS DE LINDOIA - ITAPIRA;Semiurbana
EXPRESSO ITAMARATI S/A;7325;4;SAO JOSE DO RIO PRETO - POLONI;Semiurbana
VIAÇÃO SÃO BENTO LTDA;7326;1;ALTINOPOLIS - CAJURU;Semiurbana
VIAÇÃO SÃO BENTO LTDA;7327;1;SAO JOAQUIM DA BARRA - BURITIZAL;Semiurbana
VIAÇÃO PIRACICABANA S/A;7335;3;MARILIA - AMERICANA;Rodoviária Convencional
GUERINO SEISCENTO TRANSPORTES S/A;7342;3;RINOPOLIS - OSVALDO CRUZ;Semiurbana
VIAÇÃO CAMPO DOS OUROS LTDA;7343;1;VARZEA PAULISTA - ESTAÇÃO DA LUZ;Rodoviária Convencional
AUTO ÔNIBUS SÃO JOÃO LTDA;7352;2;VOTORANTIM(terminal) - SOROCABA(Lageado);Semiurbana
EMPRESAS REUNIDAS PAULISTA DE TRANSPORTES LTDA;7361;3;SÃO PAULO(BARRA FUNDA) - JOSE BONIFACIO;Rodoviária Convencional
TRANSPORTADORA TURÍSTICA PETITTO LTDA;7365;1;PRADOPOLIS - JABOTICABAL;Semiurbana
EMPRESA RODOVIARIA PIRACICABANA LTDA;7372;1;PEDREIRA - MOJI MIRIM;Rodoviária Convencional
VIAÇÃO PIRACICABANA S/A;7381;3;MARILIA - SOROCABA;Rodoviária Convencional
BREDA SOROCABA TRANSPORTES E TUR. LTDA;7387;2;SALTO DE PIRAPORA - SARAPUI;Rodoviária Convencional
BREDA SOROCABA TRANSPORTES E TUR. LTDA;7388;2;SOROCABA - BAIRRO DO CERCADO;Semiurbana
GUERINO SEISCENTO TRANSPORTES S/A;7390;3;LINS - ASSIS;Semiurbana
AUTO ÔNIBUS VERZOLLA LTDA;7392;4;TAIACU - MONTE ALTO;Semiurbana
AUTO ÔNIBUS VERZOLLA LTDA;7393;4;TAIUVA - BEBEDOURO;Semiurbana
VIAÇÃO VALE DO TIETE LTDA;7394;2;SÃO PAULO(BARRA FUNDA) - PORTO FELIZ;Rodoviária Convencional
RAPIDO LUXO CAMPINAS LTDA;7395;1;TATUI - BOFETE;Rodoviária Convencional
EXPRESSO CIDADE NATUREZA TRANSPORTE LTDA;7398;5;MOGI DAS CRUZES - SAO JOSE DOS CAMPOS;Rodoviária Convencional
VIAÇÃO PIRACICABANA S/A;7401;3;PERUIBE - OSASCO;Rodoviária Litorânea
EMPRESA AUTO ÔNIBUS MANOEL RODRIGUES S/A;7402;3;PIRAJU - PARANAPANEMA;Rodoviária Convencional
EMPRESA PRINCESA DO NORTE S/A;7403;3;PARANAPANEMA - AVARE;Semiurbana
RAPIDO LUXO CAMPINAS LTDA;7406;1;AVARE - SAO MANUEL;Semiurbana
TURISMAR TRANSPORTE E TURISMO LTDA;7411;3;MARILIA(TRP-NOVO) - JULIO MESQUITA;Semiurbana
EXPRESSO AMARELINHO LTDA;7448;2;ITAPEVA - ITABERA;Semiurbana
TRANSPORTADORA TUR.MONTE ALEGRE LTDA;7456;1;DOIS CORREGOS - BROTAS;Rodoviária Convencional
VIAÇÃO DANUBIO AZUL LTDA;7461;1;SÃO PAULO (T.TIÊTE) - GUAIRA;Rodoviária Convencional
VALLESUL TRANSPORTES E TURISMO LTDA;7463;5;PARIQUERA-ACU - CAJATI;Rodoviária Litorânea
VIAÇÃO ITAQUERI LTDA;7493;1;RIO DAS PEDRAS - PIRACICABA;Semiurbana
EMPRESA DE ÔNIBUS PASSARO MARRON S/A;7495;5;CAMPINAS - SAO JOSE DOS CAMPOS;Rodoviária Convencional
RODOVIÁRIO IBITINGUENSE LTDA;7496;3;BAURU - REGINOPOLIS;Semiurbana
AUTO VIAÇÃO OURINHOS ASSIS LTDA;7503;3;OURINHOS - RIBEIRAO DO SUL;Semiurbana
VIAÇÃO MOURÃO LTDA;7504;3;LENCOIS PAULISTA - PEDERNEIRAS;Rodoviária Convencional
PONTUR TRANSPORTES E TURISMO LTDA;7529;2;ITU - MAIRINQUE B.D.CATARINA;Semiurbana
TURISMAR TRANSPORTE E TURISMO LTDA;7548;3;CAMPOS NOVOS PAULISTA - OCAUÇU;Semiurbana
PORTO DE REGISTRO TRANSPORTES LTDA;7578;5;REGISTRO - CAJATI;Semiurbana
VIAÇÃO PARATY LTDA;7580;4;SAO CARLOS - ARARAQUARA;Semiurbana
EMPRESA AUTO ÔNIBUS MANOEL RODRIGUES S/A;7581;3;OURINHOS - BOTUCATU;Rodoviária Convencional
TRANSPORTES E TURISMO EROLES LTDA;7582;5;MOGI DAS CRUZES - NAZARE PAULISTA;Rodoviária Convencional
VB TRANSPORTES E TURISMO LTDA;7598;1;CAPIVARI - PIRACICABA;Rodoviária Convencional
VIAÇÃO SÃO RAPHAEL LTDA;7622;4;ICEM - SAO PAULO;Rodoviária Convencional
VIAÇÃO PIRACICABANA S/A;7640;3;SÃO PAULO (T.TIÊTE) - ARARAQUARA;Rodoviária Convencional
TRANSPEN-TRANSPORTE COLETIVO E ENCOMENDAS LTDA;7646;2;BURI - SOROCABA;Rodoviária Convencional
PORTO DE REGISTRO TRANSPORTES LTDA;7649;5;APIAI - IPORANGA;Semiurbana
RODOVIÁRIO IBITINGUENSE LTDA;7662;3;GARCA - FERNAO DIAS;Semiurbana
VIAÇÃO JACAREI LTDA;7667;5;SAO JOSE DOS CAMPOS - JACAREI;Semiurbana
AVOA DE CANDIDO MOTA LTDA - EPP;7678;3;ASSIS - PLATINA;Semiurbana
EMPRESA RODOVIARIA PIRACICABANA LTDA;7683;1;MONTE ALEGRE DO SUL - SÃO PAULO (T.TIÊTE);Rodoviária Convencional
EXPRESSO ITAMARATI S/A;7684;4;SAO JOSE DO RIO PRETO - APARECIDA;Rodoviária Convencional
BREDA SOROCABA TRANSPORTES E TUR. LTDA;7698;2;JUQUIA - SETE BARRAS;Rodoviária Convencional
VIAÇÃO SÃO JOSÉ LTDA;7725;4;JALES - POPULINA;Semiurbana
VB TRANSPORTES E TURISMO LTDA;7780;1;SANTA BARBARA DOESTE - LIMEIRA;Rodoviária Convencional
RAPIDO D OESTE LTDA;7783;1;RIBEIRAO PRETO - MATAO;Semiurbana
EMPRESA DE ÔNIBUS PASSARO MARRON S/A;7786;5;SAO BENTO DO SAPUCAI - CAMPOS DO JORDAO;Rodoviária Convencional
EMPRESA PRINCESA DO NORTE S/A;7789;3;OURINHOS - CAMPINAS;Rodoviária Convencional
EMPRESA DE ÔNIBUS PASSARO MARRON S/A;7811;5;PINDAMONHANGABA - SAO JOSE DOS CAMPOS;Rodoviária Convencional
GUERINO SEISCENTO TRANSPORTES S/A;7813;3;ASSIS - CAMPINAS;Rodoviária Convencional
RODOVIÁRIO IBITINGUENSE LTDA;7820;3;BAURU - IACANGA;Semiurbana
EXPRESSO ITAMARATI S/A;7831;4;SANTA FE DO SUL - RIBEIRAO PRETO;Rodoviária Convencional
EXPRESSO ITAMARATI S/A;7832;4;ILHA SOLTEIRA - RIBEIRAO PRETO;Rodoviária Convencional
EXPRESSO REGIONAL TRANSPORTES LTDA;7845;2;SAO ROQUE - SAO ROQUE;Rodoviária Convencional
AUTO ÔNIBUS DEL OESTE LTDA - EPP;7846;3;PIRAJU - TAQUARITUBA;Semiurbana
EXPRESSO ADAMANTINA LTDA;7847;3;TUPI PAULISTA - CAMPINAS;Rodoviária Convencional
RAPIDO D OESTE LTDA;7848;1;RIBEIRAO PRETO - AGUAS DA PRATA;Rodoviária Convencional
EXPRESSO ITAMARATI S/A;7856;4;MIRASSOL - BALSAMO;Semiurbana
VIAÇÃO RAPIDO BRASIL S/A;7859;5;SAO PAULO(T.JABAQUARA) - GUARUJA;Rodoviária Litorânea
TRANSPORTADORA TURÍSTICA PETITTO LTDA;7860;1;PRADOPOLIS - BARRINHA;Rodoviária Convencional
PARATURI - PARAGUACU TURISMO LTDA;7861;3;PARAGUACU PAULISTA - BORA;Rodoviária Convencional
VIAÇÃO LUWASA LTDA;7863;4;JULIO MESQUITA - MARILIA(TRP-NOVO);Semiurbana
VIAÇÃO DANUBIO AZUL LTDA;7871;1;CAJURU - SÃO PAULO (T.TIÊTE);Rodoviária Convencional
VIAÇÃO PARATY LTDA;7872;4;SAO CARLOS - ITIRAPINA;Semiurbana
EMPRESA DE TRANSPORTES ANDORINHA S/A;7875;3;PRESIDENTE PRUDENTE - CAMPINAS;Rodoviária Convencional
EMPRESA DE ÔNIBUS PASSARO MARRON S/A;7880;5;SILVEIRAS - CACHOEIRA PAULISTA;Rodoviária Convencional
EXPRESSO LIMEIRA DE VIAÇÃO LTDA;7884;1;SAO PAULO - RIO CLARO;Rodoviária Convencional
VIAÇÃO CIDADE AZUL E TURISMO LTDA;7885;1;CAMPINAS - RIO CLARO;Rodoviária Convencional
VIAÇÃO CIDADE AZUL E TURISMO LTDA;7886;1;LIMEIRA - RIO CLARO;Semiurbana
VIAÇÃO CIDADE AZUL E TURISMO LTDA;7887;1;LIMEIRA - CORDEIROPOLIS;Rodoviária Convencional
EMPRESA DE ÔNIBUS PASSARO MARRON S/A;7889;5;SAO JOSE DOS CAMPOS - CAMPOS DO JORDAO;Rodoviária Convencional
RODOVIÁRIO IBITINGUENSE LTDA;7893;3;GARCA - ALV.CARV.(PENITENCIARIA);Semiurbana
PONTUR TRANSPORTES E TURISMO LTDA;7901;2;SOROCABA - SOROCABA;Semiurbana
VIAÇÃO COMETA S/A;7903;5;SÃO PAULO(BARRA FUNDA) - CATANDUVA;Rodoviária Convencional
VIAÇÃO DANUBIO AZUL LTDA;7909;1;SÃO PAULO(BARRA FUNDA) - IBIUNA;Rodoviária Convencional
EMPRESA RODOVIARIA PIRACICABANA LTDA;7931;1;AMPARO - MOSTARDAS;Semiurbana
VIAÇÃO PIRACICABANA S/A;7938;3;NOVA EUROPA - ITAPOLIS;Rodoviária Convencional
BREDA SOROCABA TRANSPORTES E TUR. LTDA;7942;2;PILAR DO SUL - SOROCABA;Rodoviária Convencional
BREDA SOROCABA TRANSPORTES E TUR. LTDA;7943;2;SOROCABA - VOTORANTIM(GREEN VALEY;Semiurbana
VIAÇÃO LOPES LTDA;7944;3;OSVALDO CRUZ - SAGRES(PLACA 28);Semiurbana
EMPRESA DE ÔNIBUS PASSARO MARRON S/A;7946;5;SAO JOSE DOS CAMPOS - CAMPINAS;Rodoviária Convencional
TRANSPORTADORA SÃO PEDRO LTDA;7947;2;GUAREI - QUADRA;Rodoviária Convencional
VIAÇÃO CALVIPE LTDA;7953;2;CERQUILHO - TIETE;Semiurbana
EMPRESA RODOVIARIA PIRACICABANA LTDA;7955;1;AGUAS DE LINDOIA - MONGAGUA;Rodoviária Litorânea
VIAÇÃO SANTA CRUZ LTDA;7964;1;CAMPINAS - ESPIRITO SANTO PINHAL;Rodoviária Convencional
PONTUR TRANSPORTES E TURISMO LTDA;7970;2;SOROCABA - SOROCABA;Semiurbana
EXPRESSO REGIONAL TRANSPORTES LTDA;7971;2;SAO ROQUE - SAO PAULO;Rodoviária Convencional
EXPRESSO REGIONAL TRANSPORTES LTDA;7972;2;SAO ROQUE - COTIA;Semiurbana
VIAÇÃO PIRACICABANA S/A;7974;3;BAURU - MARILIA;Rodoviária Convencional
CRISTALENSE TRANSPORTES E TURISMO LTDA;7978;1;FRANCA - RIFAINA;Semiurbana
EMPRESA DE ÔNIBUS LUCHINI LTDA;7981;3;FRUTAL DO CAMPO - ASSIS;Semiurbana
VIAÇÃO DANUBIO AZUL LTDA;7982;1;DESCALVADO - CAMPINAS;Rodoviária Convencional
VIAÇÃO DANUBIO AZUL LTDA;7983;1;ARARAS - PORTO FERREIRA;Rodoviária Convencional
VIAÇÃO DANUBIO AZUL LTDA;7984;1;PORTO FERREIRA - DESCALVADO;Rodoviária Convencional
VIAÇÃO DANUBIO AZUL LTDA;7985;1;CAJURU - PORTO FERREIRA;Rodoviária Convencional
VIAÇÃO ATIBAIA SÃO PAULO LTDA;7986;1;ATIBAIA - NAZARE PAULISTA;Semiurbana
VIAÇÃO ATIBAIA SÃO PAULO LTDA;7987;1;ATIBAIA - BOM JESUS DOS PERDOES;Semiurbana
VIAÇÃO ATIBAIA SÃO PAULO LTDA;7988;1;SÃO PAULO (T.TIÊTE) - PIRACAIA;Rodoviária Convencional
VIAÇÃO ATIBAIA SÃO PAULO LTDA;7989;1;SÃO PAULO (T.TIÊTE) - ATIBAIA;Rodoviária Convencional
VIAÇÃO ATIBAIA SÃO PAULO LTDA;7991;1;ATIBAIA - MAIRIPORA;Semiurbana
VIAÇÃO ATIBAIA SÃO PAULO LTDA;7992;1;PIRACAIA - ATIBAIA;Semiurbana
VIAÇÃO DANUBIO AZUL LTDA;7993;1;SANTA CRUZ PALMEIRAS - TAMBAU;Rodoviária Convencional
VIAÇÃO DANUBIO AZUL LTDA;7994;1;ARARAS - TAMBAU;Rodoviária Convencional
VIAÇÃO DANUBIO AZUL LTDA;7995;1;CAMPINAS - TAMBAU;Rodoviária Convencional
VIAÇÃO DANUBIO AZUL LTDA;7996;1;CAMPINAS - ARARAS;Rodoviária Convencional
VIAÇÃO DANUBIO AZUL LTDA;7997;1;PORTO FERREIRA - TAMBAU;Rodoviária Convencional
VB TRANSPORTES E TURISMO LTDA;8001;1;RIO CLARO - SAO CARLOS;Rodoviária Convencional
EXPRESSO REGIONAL TRANSPORTES LTDA;8010;2;SAO ROQUE - SAO PAULO;Rodoviária Convencional
EXPRESSO REGIONAL TRANSPORTES LTDA;8011;2;SAO ROQUE - SAO PAULO;Rodoviária Convencional
VIAÇÃO JACAREI LTDA;8012;5;JACAREI - SANTA ISABEL;Semiurbana
VIAÇÃO JACAREI LTDA;8013;5;MOGI DAS CRUZES - TAUBATE;Rodoviária Convencional
VIAÇÃO JACAREI LTDA;8014;5;MOGI DAS CRUZES - SAO JOSE DOS CAMPOS;Rodoviária Convencional
VIAÇÃO JACAREI LTDA;8015;5;MOGI DAS CRUZES - JACAREI;Semiurbana
VIAÇÃO PIRACICABANA S/A;8020;3;PIRACICABA - CAMPINAS;Rodoviária Convencional
VIAÇÃO PIRACICABANA S/A;8021;3;AMERICANA - LIMEIRA;Rodoviária Convencional
ABC - TRANSPORTES COLETIVOS VALE DO PARAIBA LTDA;8026;5;TREMEMBE - TREMEMBE;Semiurbana
VIAÇÃO PIRACEMA DE TRANSPORTE LTDA;8032;1;TATUI - ITAPETININGA;Rodoviária Convencional
AUTO VIAÇÃO MARCHIORI LTDA;8033;1;PIRACICABA - SALTINHO;Semiurbana
VIAÇÃO PIRACEMA DE TRANSPORTE LTDA;8034;1;PIRACICABA - TIETE;Rodoviária Convencional
VIAÇÃO PIRACEMA DE TRANSPORTE LTDA;8035;1;CERQUILHO - TATUI;Rodoviária Convencional
EMPRESA DE TRANSPORTES ANDORINHA S/A;8040;3;PRESIDENTE PRUDENTE - SAO JOSE DO RIO PRETO;Rodoviária Convencional
AUTO ÔNIBUS SÃO JOÃO LTDA;8041;2;VOTORANTIM(terminal) - SOROCABA(Lageado);Semiurbana
EMPRESAS REUNIDAS PAULISTA DE TRANSPORTES LTDA;8042;3;SÃO PAULO(BARRA FUNDA) - ARACATUBA;Rodoviária Convencional
EMPRESAS REUNIDAS PAULISTA DE TRANSPORTES LTDA;8043;3;SÃO PAULO(BARRA FUNDA) - LINS;Rodoviária Convencional
VIAÇÃO PIRACICABANA S/A;8044;3;SÃO PAULO(BARRA FUNDA) - ANDRADINA;Rodoviária Convencional
VAT VIACAO ADAMANTINA DE TRANSPORTES LTDA;8046;3;BAURU - JAU;Rodoviária Convencional
VAT VIACAO ADAMANTINA DE TRANSPORTES LTDA;8047;3;BAURU - BOCAINA;Semiurbana
AUTO VIAÇÃO BRAGANCA LTDA;8053;1;AGUAS DE LINDOIA - BRAGANCA PAULISTA;Semiurbana
AUTO VIAÇÃO BRAGANCA LTDA;8054;1;SOCORRO - BRAGANCA PAULISTA;Semiurbana
AUTO VIAÇÃO BRAGANCA LTDA;8056;1;BRAGANCA PAULISTA - MAIRIPORA;Semiurbana
AUTO VIAÇÃO BRAGANCA LTDA;8057;1;BRAGANCA PAULISTA - ATIBAIA;Semiurbana
EMPRESA RODOVIARIA PIRACICABANA LTDA;8058;1;ITATIBA - ATIBAIA;Semiurbana
VIAÇÃO COMETA S/A;8064;5;MOGI DAS CRUZES - P.GRANDE(V.MIRIM);Rodoviária Litorânea
VIAÇÃO COMETA S/A;8065;5;RIBEIRAO PIRES - GUARUJA;Rodoviária Litorânea
EMPRESA DE ÔNIBUS PASSARO MARRON S/A;8066;5;CRUZEIRO - QUELUZ;Rodoviária Convencional
EMPRESA DE ÔNIBUS PASSARO MARRON S/A;8067;5;CRUZEIRO - LAVRINHAS(CAPELA JACU);Semiurbana
EMPRESA DE ÔNIBUS PASSARO MARRON S/A;8068;5;CRUZEIRO - SAO JOSE DOS CAMPOS;Rodoviária Convencional
EMPRESA PRINCESA DO NORTE S/A;8072;3;SÃO PAULO(BARRA FUNDA) - FARTURA;Rodoviária Convencional
VIAÇÃO GUAXUPE LTDA;8078;1;ESPIRITO SANTO PINHAL - SAO JOAO DA BOA VISTA;Rodoviária Convencional
VIAÇÃO SANTA CRUZ LTDA;8079;1;CAMPINAS - ESPIRITO SANTO PINHAL;Rodoviária Convencional
JANDAIA TRANSPORTES E TURISMO LTDA;8082;3;PRESIDENTE PRUDENTE - TACIBA;Semiurbana
EMPRESAS REUNIDAS PAULISTA DE TRANSPORTES LTDA;8083;3;ANDRADINA - SAO JOSE DO RIO PRETO;Rodoviária Convencional
VB TRANSPORTES E TURISMO LTDA;8090;1;INDAIATUBA - SALTO;Semiurbana
VIAÇÃO MACIR RAMAZINI TURISMO LTDA;8092;1;PONTAL - MORRO AGUDO;Rodoviária Convencional
POLENTUR VIAGENS E TURISMO LTDA;8093;2;ITARARE - APIAI;Rodoviária Convencional
EMPRESA DE ÔNIBUS PASSARO MARRON S/A;8103;5;LORENA - CRUZEIRO;Rodoviária Convencional
EMPRESA DE ÔNIBUS PASSARO MARRON S/A;8104;5;CACHOEIRA PAULISTA - CRUZEIRO;Semiurbana
VIAÇÃO ATIBAIA SÃO PAULO LTDA;8107;1;JARINU - CAMPO LIMPO PAULISTA;Semiurbana
TRANSPORTES E TURISMO EROLES LTDA;8109;5;IGARATA - JACAREI;Semiurbana
EMPRESA DE ÔNIBUS PASSARO MARRON S/A;8110;5;GUARATINGUETA - PINDAMONHANGABA;Rodoviária Convencional
EMPRESA DE ÔNIBUS PASSARO MARRON S/A;8111;5;TAUBATE - PINDAMONHANGABA;Semiurbana
EMPRESA DE ÔNIBUS PASSARO MARRON S/A;8113;5;GUARATINGUETA - LORENA;Semiurbana
EMPRESA DE ÔNIBUS PASSARO MARRON S/A;8114;5;LORENA - CACHOEIRA PAULISTA;Semiurbana
VIAÇÃO PIRACICABANA S/A;8116;3;CAMPINAS - ARARAQUARA;Rodoviária Convencional
VIAÇÃO PIRACICABANA S/A;8117;3;IBITINGA - BORBOREMA;Rodoviária Convencional
BREDA SOROCABA TRANSPORTES E TUR. LTDA;8123;2;SOROCABA - PIEDADE;Rodoviária Convencional
BREDA SOROCABA TRANSPORTES E TUR. LTDA;8124;2;SOROCABA - PILAR DO SUL;Rodoviária Convencional
VIAÇÃO LUWASA LTDA;8125;4;URUPES - CATANDUVA;Semiurbana
EXPRESSO ITAMARATI S/A;8127;4;SAO JOSE DO RIO PRETO - JALES;Rodoviária Convencional
EXPRESSO ITAMARATI S/A;8128;4;SAO JOSE DO RIO PRETO - VOTUPORANGA;Semiurbana
EXPRESSO ITAMARATI S/A;8129;4;SAO JOSE DO RIO PRETO - TANABI;Semiurbana
EXPRESSO ITAMARATI S/A;8131;4;JALES - SANTA FE DO SUL;Semiurbana
VIAÇÃO GUAXUPE LTDA;8132;1;MOCOCA - CASSIA DOS COQUEIROS;Rodoviária Convencional
VIAÇÃO DANUBIO AZUL LTDA;8134;1;SÃO PAULO (T.TIÊTE) - PIRASSUNUNGA;Rodoviária Convencional
VIAÇÃO DANUBIO AZUL LTDA;8135;1;SÃO PAULO (T.TIÊTE) - ARARAS;Rodoviária Convencional
VIAÇÃO DANUBIO AZUL LTDA;8136;1;CAMPINAS - SANTA RITA DO P.QUATRO;Rodoviária Convencional
VIAÇÃO DANUBIO AZUL LTDA;8137;1;ARARAS - SANTA RITA DO P.QUATRO;Rodoviária Convencional
EXPRESSO ITAMARATI S/A;8142;4;SAO JOSE DO RIO PRETO - GUAPIACU;Semiurbana
EMPRESA AUTO ÔNIBUS SÃO JORGE LTDA;8144;2;TATUI - SOROCABA;Rodoviária Convencional
EMPRESA AUTO ÔNIBUS SÃO JORGE LTDA;8146;2;IPERO - BOITUVA;Semiurbana
VALLESUL TRANSPORTES E TURISMO LTDA;8153;5;REGISTRO - ELDORADO;Rodoviária Convencional
VALLESUL TRANSPORTES E TURISMO LTDA;8159;5;REGISTRO - PARIQUERA-ACU;Rodoviária Litorânea
PORTO DE REGISTRO TRANSPORTES LTDA;8161;5;REGISTRO - CAJATI;Semiurbana
PORTO DE REGISTRO TRANSPORTES LTDA;8162;5;REGISTRO - CAJATI;Semiurbana
VALLESUL TRANSPORTES E TURISMO LTDA;8163;5;SÃO PAULO(BARRA FUNDA) - REGISTRO;Rodoviária Convencional
VALLESUL TRANSPORTES E TURISMO LTDA;8164;5;SÃO PAULO(BARRA FUNDA) - CAJATI;Rodoviária Convencional
VALLESUL TRANSPORTES E TURISMO LTDA;8165;5;REGISTRO - MIRACATU;Semiurbana
RAPIDO LUXO CAMPINAS LTDA;8166;1;ITUPEVA - JUNDIAI;Semiurbana
VIAÇÃO LUWASA LTDA;8168;4;CATANDUVA - LINS;Rodoviária Convencional
VIAÇÃO COMETA S/A;8169;5;CAMPINAS - ARARAQUARA;Rodoviária Convencional
EXPRESSO ITAMARATI S/A;8171;4;SAO JOSE DO RIO PRETO - RIBEIRAO PRETO;Rodoviária Convencional
BREDA SOROCABA TRANSPORTES E TUR. LTDA;8176;2;TAPIRAI - PIEDADE;Rodoviária Convencional
BREDA SOROCABA TRANSPORTES E TUR. LTDA;8177;2;PIEDADE - SOROCABA;Rodoviária Convencional
BREDA SOROCABA TRANSPORTES E TUR. LTDA;8178;2;SOROCABA - TAPIRAI;Rodoviária Convencional
VIAÇÃO DANUBIO AZUL LTDA;8180;1;CAMPINAS - BARRETOS;Rodoviária Convencional
RAPIDO D OESTE LTDA;8184;1;RIBEIRAO PRETO - MOCOCA;Rodoviária Convencional
EXPRESSO ITAMARATI S/A;8185;4;SAO JOSE DO RIO PRETO - POTIRENDABA;Semiurbana
VIAÇÃO SANTA CRUZ LTDA;8190;1;MOJI MIRIM - ITAPIRA;Rodoviária Convencional
VIAÇÃO SANTA CRUZ LTDA;8191;1;CAMPINAS - ITAPIRA;Rodoviária Convencional
TRANSPEN-TRANSPORTE COLETIVO E ENCOMENDAS LTDA;8192;2;SÃO PAULO(BARRA FUNDA) - ITARARE;Rodoviária Convencional
TRANSPEN-TRANSPORTE COLETIVO E ENCOMENDAS LTDA;8193;2;SOROCABA - ITARARE;Rodoviária Convencional
TRANSPEN-TRANSPORTE COLETIVO E ENCOMENDAS LTDA;8194;2;SOROCABA - ITAPEVA;Rodoviária Convencional
TRANSPEN-TRANSPORTE COLETIVO E ENCOMENDAS LTDA;8196;2;ITAPEVA - ITARARE;Semiurbana
TRANSPEN-TRANSPORTE COLETIVO E ENCOMENDAS LTDA;8197;2;SÃO PAULO(BARRA FUNDA) - ITAPEVA;Rodoviária Convencional
TRANSPEN-TRANSPORTE COLETIVO E ENCOMENDAS LTDA;8198;2;ITARARE - CAPAO BONITO;Rodoviária Convencional
TRANSPEN-TRANSPORTE COLETIVO E ENCOMENDAS LTDA;8199;2;SOROCABA - APIAI;Rodoviária Convencional
EXPRESSO ITAMARATI S/A;8200;4;JABOTICABAL - RIBEIRAO PRETO;Semiurbana
BREDA SOROCABA TRANSPORTES E TUR. LTDA;8201;2;ITAPETININGA - SARAPUI;Semiurbana
VIAÇÃO ARIRANHA LTDA - EPP;8204;4;CANDIDO RODRIGUES - TAQUARITINGA;Rodoviária Convencional
VIAÇÃO ARIRANHA LTDA - EPP;8205;4;ARIRANHA - SANTA ADELIA;Rodoviária Convencional
PORTO DE REGISTRO TRANSPORTES LTDA;8206;5;IPORANGA - ELDORADO;Semiurbana
EMPRESA AUTO ÔNIBUS MANOEL RODRIGUES S/A;8208;3;TAQUARITUBA - OURINHOS;Rodoviária Convencional
RAPIDO LUXO CAMPINAS LTDA;8210;1;JUNDIAI - CABREUVA;Semiurbana
EMPRESA DE ÔNIBUS VILA ELVIO LTDA;8215;2;PIRATUBA - PIEDADE;Rodoviária Convencional
EMPRESA DE ÔNIBUS VILA ELVIO LTDA;8216;2;VILA ELVIO - SOROCABA;Rodoviária Convencional
EMPRESA DE ÔNIBUS VILA ELVIO LTDA;8217;2;PIEDADE - SOROCABA;Rodoviária Convencional
TRANSPEN-TRANSPORTE COLETIVO E ENCOMENDAS LTDA;8218;2;ITAPETININGA - ANGATUBA;Semiurbana
EMPRESAS REUNIDAS PAULISTA DE TRANSPORTES LTDA;8225;3;ANDRADINA - RIBEIRAO PRETO;Rodoviária Convencional
VIAÇÃO CIDADE AZUL E TURISMO LTDA;8226;1;LIMEIRA - CORDEIROPOLIS;Semiurbana
EMPRESA DE ÔNIBUS PASSARO MARRON S/A;8229;5;JACAREI - TAUBATE;Rodoviária Convencional
EMPRESA DE ÔNIBUS PASSARO MARRON S/A;8230;5;SAO JOSE DOS CAMPOS - GUARATINGUETA;Rodoviária Convencional
EMPRESA DE ÔNIBUS PASSARO MARRON S/A;8231;5;TAUBATE - GUARATINGUETA;Rodoviária Convencional
EMPRESA CRUZ DE TRANSPORTES LTDA;8232;4;ARARAQUARA - SAO JOSE DO RIO PRETO;Rodoviária Convencional
RAPIDO LUXO CAMPINAS LTDA;8233;1;TATUI - QUADRA;Rodoviária Convencional
BREDA SOROCABA TRANSPORTES E TUR. LTDA;8241;2;ITAPETININGA - REGISTRO;Rodoviária Convencional
BREDA SOROCABA TRANSPORTES E TUR. LTDA;8242;2;ITAPETININGA - SAO MIGUEL ARCANJO;Rodoviária Convencional
BREDA SOROCABA TRANSPORTES E TUR. LTDA;8244;2;S.M.ARCANJO(ABAITINGA) - ITAPETININGA;Semiurbana
PORTO DE REGISTRO TRANSPORTES LTDA;8247;5;SETE BARRAS - REGISTRO;Semiurbana
SÃO JOÃO FRETAMENTO E TURISMO S/A;8252;2;VOTORANTIM(Vila Nova) - SOROCABA(Via Barcelona);Semiurbana
AUTO ÔNIBUS SÃO JOÃO LTDA;8253;2;VOTORANTIM(terminal) - SOROCABA(Via Pinheiros);Semiurbana
SÃO JOÃO FRETAMENTO E TURISMO S/A;8254;2;VOTORANTIM(Vila Nova) - SOROCABA(Vila Garcia);Semiurbana
JANDAIA TRANSPORTES E TURISMO LTDA;8258;3;PRESIDENTE PRUDENTE - PRESIDENTE BERNARDES;Semiurbana
TRANSPEN-TRANSPORTE COLETIVO E ENCOMENDAS LTDA;8266;2;RIBEIRAO BRANCO - ITAPEVA;Semiurbana
VIAÇÃO VALE DO TIETE LTDA;8267;2;SÃO PAULO(BARRA FUNDA) - LARANJAL PAULISTA;Rodoviária Convencional
VIAÇÃO VALE DO TIETE LTDA;8268;2;TIETE - SÃO PAULO(BARRA FUNDA);Rodoviária Convencional
TRANSRAPIDO SÃO FRANCISCO LTDA;8292;4;VOTUPORANGA - NHANDEARA;Rodoviária Convencional
LITORANEA TRANSPORTES COLETIVOS S/A;8293;5;SAO SEBASTIAO - SAO JOSE DOS CAMPOS;Rodoviária Litorânea
LITORANEA TRANSPORTES COLETIVOS S/A;8294;5;CARAGUATATUBA - SAO JOSE DOS CAMPOS;Rodoviária Litorânea
LITORANEA TRANSPORTES COLETIVOS S/A;8295;5;PARAIBUNA - SAO JOSE DOS CAMPOS;Semiurbana
LITORANEA TRANSPORTES COLETIVOS S/A;8296;5;SAO SEBASTIAO - CARAGUATATUBA;Semiurbana
EMPRESA DE ÔNIBUS PASSARO MARRON S/A;8297;5;OLIMPIA - SÃO PAULO (T.TIÊTE);Rodoviária Convencional
RODOVIÁRIO E TURISMO SÃO JOSÉ LTDA;8298;5;TAUBATE - S.L.D.P.(CATUCABA);Rodoviária Convencional
EMPRESA DE ÔNIBUS PASSARO MARRON S/A;8300;5;SÃO PAULO (T.TIÊTE) - CARAGUATATUBA;Rodoviária Litorânea
EMPRESA DE ÔNIBUS PASSARO MARRON S/A;8302;5;SANTOS - CARAGUATATUBA(Rodoviária);Rodoviária Litorânea
EMPRESA DE ÔNIBUS PASSARO MARRON S/A;8303;5;BERTIOGA - S.SEBASTIAO(BOISSUCANGA);Semiurbana Litorânea
LITORANEA TRANSPORTES COLETIVOS S/A;8306;5;CARAGUATATUBA - UBATUBA;Semiurbana Litorânea
VIAÇÃO LUWASA LTDA;8312;4;PINDORAMA - CATANDUVA;Semiurbana
EMPRESA AUTO ÔNIBUS SÃO JORGE LTDA;8313;2;TATUI - RUBIAO JUNIOR;Rodoviária Convencional
EMPRESA DE ÔNIBUS PASSARO MARRON S/A;8322;5;SÃO PAULO (T.TIÊTE) - TAUBATE;Rodoviária Convencional
VIAÇÃO GUAXUPE LTDA;8323;1;AGUAI - MOJI MIRIM;Rodoviária Convencional
EMPRESA CRUZ DE TRANSPORTES LTDA;8325;4;ARARAQUARA - NOVO HORIZONTE;Rodoviária Convencional
VIAÇÃO PIRACICABANA S/A;8326;3;ARARAQUARA - IBITINGA;Rodoviária Convencional
VIAÇÃO PIRACICABANA S/A;8338;3;ARARAQUARA - SÃO PAULO (T.TIÊTE);Rodoviária Convencional
EMPRESA CRUZ DE TRANSPORTES LTDA;8339;4;ARARAQUARA - MONTE ALTO;Rodoviária Convencional
LIMA & LIMA LTDA;8350;1;LEME - SANTA CRUZ CONCEICAO;Semiurbana
VIAÇÃO PIRACICABANA S/A;8355;3;PANORAMA - BAURU;Rodoviária Convencional
VIAÇÃO PIRACICABANA S/A;8356;3;RINOPOLIS - SÃO PAULO(BARRA FUNDA);Rodoviária Convencional
VIAÇÃO PIRACICABANA S/A;8357;3;ADAMANTINA - SÃO PAULO(BARRA FUNDA);Rodoviária Convencional
EMPRESAS REUNIDAS PAULISTA DE TRANSPORTES LTDA;8358;3;DRACENA - SÃO PAULO(BARRA FUNDA);Rodoviária Convencional
VIAÇÃO SANTA CRUZ LTDA;8359;1;SAO JOAO DA BOA VISTA - CAMPINAS;Rodoviária Convencional
VIAÇÃO GUAXUPE LTDA;8360;1;SAO JOAO DA BOA VISTA - VARGEM GRANDE DO SUL;Rodoviária Convencional
VIAÇÃO MACIR RAMAZINI TURISMO LTDA;8361;1;GUARIBA - RINCAO;Semiurbana
VIAÇÃO MACIR RAMAZINI TURISMO LTDA;8362;1;JABOTICABAL - GUARIBA;Semiurbana
VIASOL TRANSPORTES RODOVIÁRIOS LTDA.;8365;1;CORDEIROPOLIS - RIO CLARO;Rodoviária Convencional
VIASOL TRANSPORTES RODOVIÁRIOS LTDA.;8366;1;RIO CLARO - SANTA GERTRUDES;Rodoviária Convencional
VIASOL TRANSPORTES RODOVIÁRIOS LTDA.;8367;1;CONCHAL - ARARAS;Rodoviária Convencional
VIASOL TRANSPORTES RODOVIÁRIOS LTDA.;8368;1;ARARAS - RIO CLARO;Rodoviária Convencional
VIASOL TRANSPORTES RODOVIÁRIOS LTDA.;8369;1;CONCHAL - ARARAS;Rodoviária Convencional
RAPIDO D OESTE LTDA;8371;1;RIBEIRAO PRETO - SANTA ROSA DO VITERBO;Rodoviária Convencional
RAPIDO D OESTE LTDA;8372;1;RIBEIRAO PRETO - SAO SIMAO;Semiurbana
RAPIDO D OESTE LTDA;8373;1;RIBEIRAO PRETO - SAO SIMAO;Semiurbana
RAPIDO D OESTE LTDA;8374;1;RIBEIRAO PRETO - CRAVINHOS;Semiurbana
RAPIDO D OESTE LTDA;8375;1;RIBEIRAO PRETO - CRAVINHOS;Semiurbana
VAT VIACAO ADAMANTINA DE TRANSPORTES LTDA;8380;3;LINS - PENAPOLIS;Semiurbana
VAT VIACAO ADAMANTINA DE TRANSPORTES LTDA;8381;3;BAURU - PIRAJUI;Semiurbana
VAT VIACAO ADAMANTINA DE TRANSPORTES LTDA;8382;3;BAURU - LINS;Semiurbana
VAT VIACAO ADAMANTINA DE TRANSPORTES LTDA;8383;3;CAFELANDIA - LINS;Semiurbana
VAT VIACAO ADAMANTINA DE TRANSPORTES LTDA;8384;3;LINS - ARACATUBA;Semiurbana
VAT VIACAO ADAMANTINA DE TRANSPORTES LTDA;8385;3;PENAPOLIS - ARACATUBA;Semiurbana
VB TRANSPORTES E TURISMO LTDA;8400;1;RIO CLARO - ITIRAPINA;Semiurbana
VIAÇÃO SANTA CRUZ LTDA;8401;1;SÃO PAULO (T.TIÊTE) - CASA BRANCA;Rodoviária Convencional
TRANSRAPIDO SÃO FRANCISCO LTDA;8404;4;ALVARES FLORENCE - VOTUPORANGA;Rodoviária Convencional
VIAÇÃO LUWASA LTDA;8419;4;CATANDUVA - SANTA ADELIA;Semiurbana
RAPIDO LUXO CAMPINAS LTDA;8420;1;ITATINGA - AVARE;Semiurbana
VIAÇÃO PIRACICABANA S/A;8422;3;BAURU - DUARTINA;Semiurbana
VIAÇÃO PIRACICABANA S/A;8423;3;BAURU - MARILIA;Semiurbana
RAPIDO D OESTE LTDA;8426;1;RIBEIRAO PRETO - BARRETOS;Rodoviária Convencional
EMPRESAS REUNIDAS PAULISTA DE TRANSPORTES LTDA;8436;3;ARACATUBA - ANDRADINA;Rodoviária Convencional
EMPRESAS REUNIDAS PAULISTA DE TRANSPORTES LTDA;8439;3;SÃO PAULO(BARRA FUNDA) - GUAIMBE;Rodoviária Convencional
RAPIDO LUXO CAMPINAS LTDA;8445;1;JUNDIAI - VARZEA PAULISTA;Semiurbana
JANDAIA TRANSPORTES E TURISMO LTDA;8447;3;ADAMANTINA - MARIAPOLIS;Semiurbana
JANDAIA TRANSPORTES E TURISMO LTDA;8450;3;PRESIDENTE PRUDENTE - REGENTE FEIJO;Semiurbana
EMPRESA AUTO ÔNIBUS SÃO JORGE LTDA;8452;2;IPERO - SOROCABA;Semiurbana
EMPRESA DE ÔNIBUS PASSARO MARRON S/A;8459;5;SAO JOSE DOS CAMPOS - CACAPAVA;Rodoviária Convencional
EMPRESA DE ÔNIBUS PASSARO MARRON S/A;8460;5;CACAPAVA - TAUBATE;Semiurbana
VIAÇÃO TRANSFRONTEIRA LTDA;8461;2;ITAPORANGA - ITAI;Rodoviária Convencional
EXPRESSO ITAMARATI S/A;8463;4;SANTA FE DO SUL - CAMPINAS;Rodoviária Convencional
VIAÇÃO DANUBIO AZUL LTDA;8467;1;ARARAQUARA - MATAO;Semiurbana
VB TRANSPORTES E TURISMO LTDA;8468;1;CAMPINAS(AEROP.VIRACOPOS) - JUNDIAI;Semiurbana
EMPRESA PRINCESA DO NORTE S/A;8470;3;OURINHOS - SOROCABA;Rodoviária Convencional
VIAÇÃO DANUBIO AZUL LTDA;8472;1;ARARAQUARA - MATAO;Semiurbana
VIAÇÃO LUWASA LTDA;8475;4;PARQUE DAS AMÉRICAS - SAO JOSE DO RIO PRETO;Semiurbana
VIAÇÃO DANUBIO AZUL LTDA;8478;1;BARRETOS - SÃO PAULO (T.TIÊTE);Rodoviária Convencional
VIAÇÃO DANUBIO AZUL LTDA;8479;1;ARARAQUARA - JABOTICABAL;Semiurbana
VB TRANSPORTES E TURISMO LTDA;8489;1;CAMPINAS - JUNDIAI;Rodoviária Convencional
PLENA TRANSPORTES LTDA ME;8490;4;BARIRI - JAU;Rodoviária Convencional
EMPRESA PRINCESA DO NORTE S/A;8492;3;AVARE - SÃO PAULO(BARRA FUNDA);Rodoviária Convencional
EMPRESA AUTO ÔNIBUS MANOEL RODRIGUES S/A;8493;3;AVARE - SOROCABA;Rodoviária Convencional
EMPRESA RODOVIARIA PIRACICABANA LTDA;8499;1;CONCHAS - SÃO PAULO(BARRA FUNDA);Rodoviária Convencional
VIASOL TRANSPORTES RODOVIÁRIOS LTDA.;8501;1;ENGENHEIRO COELHO - LIMEIRA;Rodoviária Convencional
VIAÇÃO SANTA CRUZ LTDA;8507;1;SÃO PAULO (T.TIÊTE) - SAO JOSE DO RIO PARDO;Rodoviária Convencional
EMPRESAS REUNIDAS PAULISTA DE TRANSPORTES LTDA;8509;3;ANDRADINA - CAMPINAS;Rodoviária Convencional
VIAÇÃO MOURÃO LTDA;8510;3;LENCOIS PAULISTA - SAO MANUEL;Rodoviária Convencional
VIAÇÃO MOURÃO LTDA;8511;3;LENCOIS PAULISTA - MACATUBA;Semiurbana
VIAÇÃO MOURÃO LTDA;8512;3;LENCOIS PAULISTA - PEDERNEIRAS;Rodoviária Convencional
VB TRANSPORTES E TURISMO LTDA;8513;1;PIRACICABA - RIO CLARO;Rodoviária Convencional
VIAÇÃO PIRACICABANA S/A;8514;3;MARILIA - CAMPINAS;Rodoviária Convencional
VIAÇÃO PIRACICABANA S/A;8515;3;BAURU - AGUDOS;Semiurbana
VIAÇÃO PIRACICABANA S/A;8516;3;BAURU - AREIOPOLIS;Semiurbana
VIAÇÃO PIRACICABANA S/A;8517;3;BAURU - BOTUCATU;Rodoviária Convencional
VIAÇÃO PIRACICABANA S/A;8518;3;BOTUCATU - SAO MANUEL;Semiurbana
VIAÇÃO COMETA S/A;8523;5;SÃO PAULO(BARRA FUNDA) - SOROCABA;Rodoviária Convencional
AUTO VIAÇÃO OURINHOS ASSIS LTDA;8530;3;PALMITAL - ASSIS;Rodoviária Convencional
AUTO VIAÇÃO OURINHOS ASSIS LTDA;8531;3;OURINHOS - SALTO GRANDE;Semiurbana
AUTO VIAÇÃO OURINHOS ASSIS LTDA;8532;3;OURINHOS - ASSIS;Rodoviária Convencional
EMPRESA AUTO ÔNIBUS MACACARI LTDA;8533;3;GUARAPUA - DOIS CORREGOS;Rodoviária Convencional
EMPRESA AUTO ÔNIBUS MACACARI LTDA;8534;3;BARRA BONITA - DOIS CORREGOS;Rodoviária Convencional
AUTO ÔNIBUS DEL OESTE LTDA - EPP;8537;3;ITAPORANGA - PIRAJU;Rodoviária Convencional
VIAÇÃO COMETA S/A;8545;5;SÃO PAULO(BARRA FUNDA) - SAO ROQUE;Rodoviária Convencional
VB TRANSPORTES E TURISMO LTDA;8548;1;PIRACICABA - RIO CLARO;Semiurbana
VIAÇÃO SANTA CRUZ LTDA;8551;1;JAU - SÃO PAULO(BARRA FUNDA);Rodoviária Convencional
PLENA TRANSPORTES LTDA ME;8552;4;SAO MANUEL - JAU;Rodoviária Convencional
PLENA TRANSPORTES LTDA ME;8553;4;IGARACU DO TIETE - JAU;Rodoviária Convencional
EMPRESA RODOVIARIA PIRACICABANA LTDA;8554;1;SAO MANUEL - SÃO PAULO(BARRA FUNDA);Rodoviária Convencional
RAPIDO LUXO CAMPINAS LTDA;8555;1;AVARE - SÃO PAULO(BARRA FUNDA);Rodoviária Convencional
EMPRESA RODOVIARIA PIRACICABANA LTDA;8556;1;SAO MANUEL - SÃO PAULO(BARRA FUNDA);Rodoviária Convencional
VAT VIACAO ADAMANTINA DE TRANSPORTES LTDA;8558;3;ANDRADINA - PRESIDENTE EPITACIO;Rodoviária Convencional
VIAÇÃO PARATY LTDA;8563;4;SAO CARLOS - IBATE;Rodoviária Convencional
VIAÇÃO PARATY LTDA;8564;4;SAO CARLOS - IBATE;Semiurbana
ULTRA S/A - TRANSPORTES INTERURBANOS;8566;5;SAO PAULO(T.JABAQUARA) - GUARUJA(TERM.RODOVIARIO);Rodoviária Litorânea
TRANSPORTADORA TURÍSTICA PETITTO LTDA;8569;1;PRADOPOLIS - RIBEIRAO PRETO;Semiurbana
TRANSPORTADORA TURÍSTICA PETITTO LTDA;8570;1;DUMONT - RIBEIRAO PRETO;Semiurbana
EMPRESA DE ÔNIBUS PASSARO MARRON S/A;8571;5;GUARATINGUETA - APARECIDA;Semiurbana
EMPRESA DE ÔNIBUS PASSARO MARRON S/A;8572;5;APARECIDA - ROSEIRA;Semiurbana
EMPRESA DE TRANSPORTES ANDORINHA S/A;8577;3;PRESIDENTE PRUDENTE - MIRANTE PARANAPANEMA;Semiurbana
GUERINO SEISCENTO TRANSPORTES S/A;8578;3;ARACATUBA - BIRIGUI;Semiurbana
EMPRESA AUTO ÔNIBUS MACACARI LTDA;8587;3;JAU - ITAPUI;Rodoviária Convencional
VIAÇÃO PARATY LTDA;8601;4;ARARAQUARA - NOVA EUROPA;Semiurbana
VIAÇÃO SÃO RAPHAEL LTDA;8605;4;SAO JOSE DO RIO PRETO - NOVA GRANADA;Semiurbana
VIAÇÃO SÃO BENTO LTDA;8615;1;GUAIRA - BARRETOS;Semiurbana
RODOVIÁRIO IBITINGUENSE LTDA;8616;3;NOVO HORIZONTE - ITAPOLIS;Semiurbana
EMPRESA DE TRANSPORTES ANDORINHA S/A;8618;3;ROSANA - SANTO ANDRE;Rodoviária Convencional
EMPRESA DE TRANSPORTES ANDORINHA S/A;8620;3;PRESIDENTE PRUDENTE - MIRANTE PARANAPANEMA;Rodoviária Convencional
BREDA SOROCABA TRANSPORTES E TUR. LTDA;8621;2;SOROCABA - LARANJAL PAULISTA;Rodoviária Convencional
BREDA SOROCABA TRANSPORTES E TUR. LTDA;8623;2;BOITUVA - SOROCABA;Semiurbana
BREDA SOROCABA TRANSPORTES E TUR. LTDA;8625;2;LARANJAL PAULISTA - SOROCABA;Rodoviária Convencional
EMPRESA RODOVIARIA PIRACICABANA LTDA;8631;1;MORUNGABA - ITATIBA;Semiurbana
EMPRESA RODOVIARIA PIRACICABANA LTDA;8632;1;CAMPINAS - AGUAS DE LINDOIA;Rodoviária Convencional
VIAÇÃO COMETA S/A;8633;5;TERM.ROD.GUARULHOS - PR. GRANDE(TUDE BASTOS);Rodoviária Litorânea
VIAÇÃO AGUDOS LTDA;8635;3;AGUDOS - BOREBI;Rodoviária Convencional
BREDA SOROCABA TRANSPORTES E TUR. LTDA;8636;2;SAO MIGUEL ARCANJO - CAPAO BONITO;Rodoviária Convencional
VINCO - VIAÇÃO NOIVACOLINENSE LTDA;8640;1;RIO DAS PEDRAS - PIRACICABA;Semiurbana
CRISTALENSE TRANSPORTES E TURISMO LTDA;8651;1;FRANCA - RESTINGA;Semiurbana
EXPRESSO ADAMANTINA LTDA;8652;3;TUPA - BASTOS;Semiurbana
JANDAIA TRANSPORTES E TURISMO LTDA;8670;3;PRESIDENTE PRUDENTE - ESPIGAO;Semiurbana
EMPRESA PRINCESA DO NORTE S/A;8673;3;MARILIA - TUPA;Semiurbana
EMPRESA DE ÔNIBUS PASSARO MARRON S/A;8675;5;SÃO PAULO (T.TIÊTE) - BANANAL;Rodoviária Convencional
AGOSUZI TRANSPORTES LTDA;8680;3;BRAUNA - PENAPOLIS;Semiurbana
VIAÇÃO SÃO BENTO LTDA;8687;1;RIBEIRAO PRETO - SERTAOZINHO;Semiurbana
VIAÇÃO SÃO BENTO LTDA;8688;1;SERTAOZINHO - BARRINHA;Semiurbana
RAPIDO LINENSE LTDA;8691;3;LINS - GUAICARA;Semiurbana
RAPIDO LINENSE LTDA;8692;3;LINS - PROMISSAO;Semiurbana
VIAÇÃO PARATY LTDA;8695;4;MATAO - TAQUARITINGA;Semiurbana
VIAÇÃO GUAXUPE LTDA;8697;1;SAO SEBASTIAO DA GRAMA - VARGEM GRANDE DO SUL;Rodoviária Convencional
TURISMAR TRANSPORTE E TURISMO LTDA;8699;3;MARILIA - OSCAR BRESSANE;Semiurbana
TURISMAR TRANSPORTE E TURISMO LTDA;8700;3;MARILIA - IEPE;Semiurbana
AUTO VIAÇÃO OURINHOS ASSIS LTDA;8701;3;CANDIDO MOTA - PALMITAL;Semiurbana
AUTO VIAÇÃO OURINHOS ASSIS LTDA;8702;3;OURINHOS - ASSIS;Semiurbana
VIAÇÃO PIRACICABANA S/A;8704;3;PERUIBE - SAO BERNARDO DO CAMPO;Rodoviária Litorânea
VIAÇÃO PIRACICABANA S/A;8705;3;MONGAGUA - SAO PAULO(T.JABAQUARA);Rodoviária Litorânea
EMPRESA DE ÔNIBUS VILA ELVIO LTDA;8709;2;IBIUNA - PIEDADE;Semiurbana
EMPRESA DE TRANSPORTES ANDORINHA S/A;8716;3;PRESIDENTE PRUDENTE - SANTO ANASTACIO;Semiurbana
JANDAIA TRANSPORTES E TURISMO LTDA;8717;3;PRESIDENTE PRUDENTE - ALVARES MACHADO;Semiurbana
EXPRESSO ITAMARATI S/A;8725;4;SAO JOSE DO RIO PRETO - MACAUBAL;Semiurbana
EMPRESA RODOVIARIA PIRACICABANA LTDA;8731;1;SÃO PAULO (T.TIÊTE) - AGUAS DE LINDOIA;Rodoviário Executivo
RAPIDO RIO PARDO TRANSPORTE E TURISMO LTDA-EPP;8732;3;CERQUEIRA CEZAR - BERNARDINO DE CAMPOS;Semiurbana
VIAÇÃO SANTA CRUZ LTDA;8736;1;SÃO PAULO (T.TIÊTE) - VARGEM GRANDE DO SUL;Rodoviária Convencional
BREDA SOROCABA TRANSPORTES E TUR. LTDA;8739;2;SALTO DE PIRAPORA - SAO PAULO;Rodoviária Convencional
VIAÇÃO SANTA CRUZ LTDA;8754;1;SAO JOAO DA BOA VISTA - SÃO PAULO (T.TIÊTE);Rodoviária Convencional
VIAÇÃO GUAXUPE LTDA;8757;1;SAO JOAO DA BOA VISTA - AGUAS DA PRATA;Semiurbana
VIAÇÃO GUAXUPE LTDA;8758;1;SAO JOAO DA BOA VISTA - AGUAI;Rodoviária Convencional
VIAÇÃO SERRA DA JUREIA LTDA;8759;5;DIV.PEDRO TOLEDO/ITARIRI - DIV.MIRACATU(CEDRO/JUQUIA;Semiurbana
VAT VIACAO ADAMANTINA DE TRANSPORTES LTDA;8760;3;PEREIRA BARRETO - SUD MENUCCI;Semiurbana
RAPIDO D OESTE LTDA;8762;1;RIBEIRAO PRETO - SANTA CRUZ PALMEIRAS;Rodoviária Convencional
RAPIDO D OESTE LTDA;8763;1;CASA BRANCA - CACONDE;Rodoviária Convencional
RAPIDO D OESTE LTDA;8764;1;RIBEIRAO PRETO - SANTA RITA DO P.QUATRO;Rodoviária Convencional
RAPIDO D OESTE LTDA;8765;1;RIBEIRAO PRETO - DESCALVADO;Rodoviária Convencional
RODOVIÁRIO IBITINGUENSE LTDA;8767;3;GARCA - ALVILANDIA;Semiurbana
RODOVIÁRIO IBITINGUENSE LTDA;8768;3;LUCIANOPOLIS - BAURU;Rodoviária Convencional
RODOVIÁRIO IBITINGUENSE LTDA;8769;3;UBIRAJARA - BAURU;Semiurbana
GUERINO SEISCENTO TRANSPORTES S/A;8772;3;ASSIS - PARAGUACU PAULISTA;Semiurbana
EMPRESA DE ÔNIBUS PASSARO MARRON S/A;8784;5;CAMPOS DO JORDAO - TAUBATE;Rodoviária Convencional
VIAÇÃO CIDADE AZUL E TURISMO LTDA;8790;1;SAO PAULO - RIO CLARO;Rodoviária Convencional
VIAÇÃO CIDADE AZUL E TURISMO LTDA;8791;1;PIRACICABA - PIRACICABA;Semiurbana
VIAÇÃO CIDADE AZUL E TURISMO LTDA;8792;1;IRACEMAPOLIS - LIMEIRA;Semiurbana
TRANSRAPIDO SÃO FRANCISCO LTDA;8803;4;PALESTINA - VOTUPORANGA;Rodoviária Convencional
TRANSRAPIDO SÃO FRANCISCO LTDA;8806;4;VOTUPORANGA - INDIAPORA;Rodoviária Convencional
TRANSRAPIDO SÃO FRANCISCO LTDA;8808;4;AMERICO DE CAMPOS - VOTUPORANGA;Semiurbana
TRANSRAPIDO SÃO FRANCISCO LTDA;8809;4;PONTES GESTAL - VOTUPORANGA;Rodoviária Convencional
VIAÇÃO SÃO RAPHAEL LTDA;8819;4;OLIMPIA - GUARACI;Semiurbana
VIAÇÃO SÃO RAPHAEL LTDA;8820;4;BARRETOS - RIOLANDIA;Rodoviária Convencional
TRANSRAPIDO SÃO FRANCISCO LTDA;8823;4;VOTUPORANGA - RIOLANDIA;Rodoviária Convencional
VAT VIACAO ADAMANTINA DE TRANSPORTES LTDA;8824;3;ARACATUBA - MIRANDOPOLIS;Semiurbana
EXPRESSO DE PRATA LTDA;8830;3;BAURU - CAMPINAS;Rodoviária Convencional
VAT VIACAO ADAMANTINA DE TRANSPORTES LTDA;8831;3;JAU - SÃO PAULO(BARRA FUNDA);Rodoviária Convencional
EMPRESA CRUZ DE TRANSPORTES LTDA;8832;4;ARARAQUARA - SAO JOSE DO RIO PRETO;Rodoviária Convencional
PONTUR TRANSPORTES E TURISMO LTDA;8835;2;SOROCABA - SALTO;Semiurbana
EXPRESSO ITAMARATI S/A;8837;4;ARACATUBA - AURIFLAMA;Semiurbana
EXPRESSO ITAMARATI S/A;8838;4;ARACATUBA - JALES;Rodoviária Convencional
EMPRESA RODOVIARIA PIRACICABANA LTDA;8843;1;ITATIBA - SÃO PAULO (T.TIÊTE);Rodoviária Convencional
EMPRESA DE TRANSPORTES ANDORINHA S/A;8848;3;PRESIDENTE PRUDENTE - MARABA PAULISTA;Rodoviária Convencional
JANDAIA TRANSPORTES E TURISMO LTDA;8850;3;PRESIDENTE PRUDENTE - NARANDIBA;Semiurbana
VB TRANSPORTES E TURISMO LTDA;8855;1;TATUI - PORTO FELIZ;Semiurbana
EMPRESA DE TRANSPORTES ANDORINHA S/A;8861;3;RANCHARIA - SÃO PAULO(BARRA FUNDA);Rodoviária Convencional
EMPRESA DE TRANSPORTES ANDORINHA S/A;8862;3;PARAGUACU PAULISTA - SÃO PAULO(BARRA FUNDA);Rodoviária Convencional
EMPRESA DE TRANSPORTES ANDORINHA S/A;8863;3;SANTO ANASTACIO - ASSIS;Rodoviária Convencional
TRANSPORTES E TURISMO EROLES LTDA;8865;5;JACAREI - NAZARE PAULISTA;Rodoviária Convencional
EMPRESA DE TRANSPORTES ANDORINHA S/A;8869;3;PRESIDENTE PRUDENTE - SÃO PAULO(BARRA FUNDA);Rodoviária Convencional
EMPRESA DE TRANSPORTES ANDORINHA S/A;8870;3;SANTO ANASTACIO - SÃO PAULO(BARRA FUNDA);Rodoviária Convencional
EMPRESA DE TRANSPORTES ANDORINHA S/A;8871;3;PRESIDENTE EPITACIO - SÃO PAULO(BARRA FUNDA);Rodoviária Convencional
EMPRESA DE TRANSPORTES ANDORINHA S/A;8872;3;SANTO ANASTACIO - MIRANTE PARANAPANEMA;Semiurbana
EMPRESA DE TRANSPORTES ANDORINHA S/A;8873;3;PRESIDENTE PRUDENTE - SANTO ANASTACIO;Rodoviária Convencional
EMPRESA DE TRANSPORTES ANDORINHA S/A;8874;3;PRESIDENTE VENCESLAU - SÃO PAULO(BARRA FUNDA);Rodoviária Convencional
VAT VIACAO ADAMANTINA DE TRANSPORTES LTDA;8879;3;PEREIRA BARRETO - ANDRADINA;Semiurbana
VAT VIACAO ADAMANTINA DE TRANSPORTES LTDA;8882;3;ANDRADINA - CASTILHO;Semiurbana
EMPRESA DE ÔNIBUS TABAPUA LTDA;8889;4;PARQUE DAS AMÉRICAS - OLIMPIA;Semiurbana
EMPRESA DE ÔNIBUS ATILIO NATAL LTDA;8907;3;OSVALDO CRUZ - SALMORAO;Semiurbana
VIAÇÃO CIDADE AZUL E TURISMO LTDA;8925;1;RIO CLARO - P.GRANDE(V.MIRIM);Rodoviária Litorânea
VIAÇÃO DANUBIO AZUL LTDA;8927;1;OLIMPIA - SÃO PAULO (T.TIÊTE);Rodoviária Convencional
EMPRESA DE ÔNIBUS PASSARO MARRON S/A;8931;5;SAO BENTO DO SAPUCAI - SAO JOSE DOS CAMPOS;Rodoviária Convencional
VB TRANSPORTES E TURISMO LTDA;8934;1;PORTO FELIZ - CAMPINAS;Rodoviária Convencional
TRANSPEN-TRANSPORTE COLETIVO E ENCOMENDAS LTDA;8935;2;SÃO PAULO(BARRA FUNDA) - APIAI;Rodoviária Convencional
EMPRESA DE AUTO ÔNIBUS BOTUCATU LTDA;8936;2;RUBIAO JUNIOR - PARDINHO;Semiurbana
VIAÇÃO SÃO BENTO LTDA;8939;1;ALTINOPOLIS - SERRANA;Rodoviária Convencional
EMPRESA AUTO ÔNIBUS MANOEL RODRIGUES S/A;8941;3;AVARE - CERQUEIRA CEZAR;Semiurbana
RAPIDO LUXO CAMPINAS LTDA;8945;1;BOFETE - CONCHAS;Semiurbana
VIAÇÃO NOSSA SENHORA DA PONTE LTDA;8949;2;SOROCABA - SOROCABA;Rodoviária Convencional
EMPRESA DE TRANSPORTES ANDORINHA S/A;8950;3;PRESIDENTE VENCESLAU - TEODORO SAMPAIO;Rodoviária Convencional
EMPRESA DE TRANSPORTES ANDORINHA S/A;8955;3;PALMITAL - SÃO PAULO(BARRA FUNDA);Rodoviária Convencional
VAT VIACAO ADAMANTINA DE TRANSPORTES LTDA;8963;3;BOCAINA - SAO CARLOS;Semiurbana
VAT VIACAO ADAMANTINA DE TRANSPORTES LTDA;8964;3;RIBEIRAO BONITO - SAO CARLOS;Semiurbana
EMPRESA DE TRANSPORTES ANDORINHA S/A;8966;3;ROSANA - RIBEIRAO PRETO;Rodoviária Convencional
GUERINO SEISCENTO TRANSPORTES S/A;8977;3;LINS - GETULINA(MACUCOS);Semiurbana
VIAÇÃO PIRACICABANA S/A;8979;3;PANORAMA - SAO BERNARDO DO CAMPO;Rodoviária Convencional
EXPRESSO ITAMARATI S/A;8982;4;JALES - PEREIRA BARRETO;Semiurbana
VIAÇÃO DANUBIO AZUL LTDA;8986;1;BARRETOS - COLOMBIA;Semiurbana
VALLESUL TRANSPORTES E TURISMO LTDA;8992;5;ILHA COMPRIDA - REGISTRO;Semiurbana Litorânea
EMPRESA PRINCESA DO NORTE S/A;8994;3;CHAVANTES - OURINHOS;Semiurbana
AUTO VIAÇÃO OURINHOS ASSIS LTDA;8996;3;SANTA CRUZ RIO PARDO - OURINHOS;Semiurbana
VIAÇÃO LUWASA LTDA;9000;4;CAJOBI - OLIMPIA;Semiurbana
PEVÊ-TUR TRANSPORTES E TURISMO LTDA;9002;4;SAO JOSE DO RIO PRETO - MACAUBAS;Semiurbana
PLENA TRANSPORTES LTDA ME;9007;4;JAU - IBITINGA;Rodoviária Convencional
EMPRESA SÃO JOÃO DE TURISMO LTDA;9009;1;JUNDIAI - PRAIA GRANDE;Rodoviária Litorânea
EXPRESSO ITAMARATI S/A;9010;4;BURITAMA - VOTUPORANGA;Semiurbana
RAPIDO D OESTE LTDA;9013;1;RIBEIRAO PRETO - OLIMPIA;Rodoviária Convencional
RAPIDO D OESTE LTDA;9015;1;RIBEIRAO PRETO - PITANGUEIRAS;Semiurbana
EXPRESSO ITAMARATI S/A;9017;4;MIRASSOL - JACI;Semiurbana
EXPRESSO ITAMARATI S/A;9024;4;VOTUPORANGA - VALENTIM GENTIL;Semiurbana
VIAÇÃO SÃO BENTO LTDA;9026;1;BATATAIS - ALTINOPOLIS;Semiurbana
VIAÇÃO SÃO BENTO LTDA;9027;1;RIBEIRAO PRETO - BATATAIS;Semiurbana
VIAÇÃO SÃO BENTO LTDA;9028;1;RIBEIRAO PRETO - BRODOWSKI;Semiurbana
VB TRANSPORTES E TURISMO LTDA;9033;1;JUNDIAI - BAIRRO SANTO ANTONIO;Semiurbana
PEVÊ-TUR TRANSPORTES E TURISMO LTDA;9035;4;UBARANA - JOSE BONIFACIO;Semiurbana
PEVÊ-TUR TRANSPORTES E TURISMO LTDA;9036;4;UBARANA - ADOLFO;Semiurbana
PEVÊ-TUR TRANSPORTES E TURISMO LTDA;9037;4;ADOLFO - SAO JOSE DO RIO PRETO;Semiurbana
PEVÊ-TUR TRANSPORTES E TURISMO LTDA;9038;4;ADOLFO - SAO JOSE DO RIO PRETO;Semiurbana
PEVÊ-TUR TRANSPORTES E TURISMO LTDA;9039;4;NOVA ALIANCA - SAO JOSE DO RIO PRETO;Semiurbana
VIASOL TRANSPORTES RODOVIÁRIOS LTDA.;9043;1;SANTA GERTRUDES - RIO CLARO;Semiurbana
VIAÇÃO VALE DO TIETE LTDA;9045;2;ITU - SÃO PAULO(BARRA FUNDA);Rodoviária Convencional
VIAÇÃO VALE DO TIETE LTDA;9046;2;ITU - SÃO PAULO(BARRA FUNDA);Rodoviária Convencional
EXPRESSO ADAMANTINA LTDA;9047;3;OSVALDO CRUZ - PRAÇA TACIBA;Rodoviária Convencional
EXPRESSO ADAMANTINA LTDA;9048;3;RANCHARIA - PORTO PORECATU;Rodoviária Convencional
EMPRESA DE ÔNIBUS PASSARO MARRON S/A;9064;5;SÃO PAULO (T.TIÊTE) - ILHA BELA;Rodoviária Litorânea
VIASOL TRANSPORTES RODOVIÁRIOS LTDA.;9080;1;RIO CLARO - ARARAS;Semiurbana
EXPRESSO ITAMARATI S/A;9082;4;SÃO PAULO(BARRA FUNDA) - VOTUPORANGA;Rodoviária Convencional
EXPRESSO ITAMARATI S/A;9084;4;SAO BERNARDO DO CAMPO - JALES;Rodoviária Convencional
VIAÇÃO MACIR RAMAZINI TURISMO LTDA;9086;1;MATAO - ARARAQUARA;Semiurbana
BREDA SOROCABA TRANSPORTES E TUR. LTDA;9088;2;PE DA SERRA - REGISTRO;Semiurbana
VIAÇÃO LOPES LTDA;9098;3;OSVALDO CRUZ - SAGRES;Semiurbana
VIAÇÃO LOPES LTDA;9099;3;OSVALDO CRUZ - LUCELIA;Semiurbana
VIAÇÃO LOPES LTDA;9100;3;OSVALDO CRUZ - SAGRES;Semiurbana
EXPRESSO ADAMANTINA LTDA;9104;3;TUPA - PARAPUA;Semiurbana
EXPRESSO ADAMANTINA LTDA;9107;3;PARAPUA - ADAMANTINA;Semiurbana
EXPRESSO ADAMANTINA LTDA;9108;3;DRACENA - PACAEMBU;Semiurbana
EXPRESSO ADAMANTINA LTDA;9109;3;DRACENA - TUPI PAULISTA;Semiurbana
EXPRESSO ITAMARATI S/A;9113;4;SAO JOSE DO RIO PRETO - ARACATUBA;Rodoviária Convencional
VIAÇÃO COMETA S/A;9117;5;OSASCO - SAO VICENTE;Rodoviária Litorânea
TRANSPORTES E TURISMO EROLES LTDA;9118;5;SUZANO - SUZANO;Rodoviária Litorânea
LITORANEA TRANSPORTES COLETIVOS S/A;9127;5;JAMBEIRO - SAO JOSE DOS CAMPOS;Semiurbana
VIAÇÃO PIRACICABANA S/A;9131;3;AMERICANA - ITANHAEM;Rodoviária Litorânea
JANDAIA TRANSPORTES E TURISMO LTDA;9133;3;PRESIDENTE PRUDENTE - BAIRRO BELA VISTA;Semiurbana
VIAÇÃO SÃO BENTO LTDA;9150;1;ORLANDIA - MORRO AGUDO;Rodoviária Convencional
VIASOL TRANSPORTES RODOVIÁRIOS LTDA.;9153;1;ARARAS - RIO CLARO;Rodoviária Convencional
TRANSRAPIDO SÃO FRANCISCO LTDA;9188;4;CARDOSO - SAO JOSE DO RIO PRETO;Rodoviária Convencional
VIAÇÃO COMETA S/A;9189;5;CAMPINAS - RIBEIRAO PRETO;Rodoviária Convencional
EMPRESA DE TRANSPORTES ANDORINHA S/A;9191;3;IEPE - SÃO PAULO(BARRA FUNDA);Rodoviária Convencional
VIAÇÃO SÃO BENTO LTDA;9196;1;RIBEIRAO PRETO - SERRANA;Semiurbana
VIAÇÃO SÃO BENTO LTDA;9197;1;SAO JOAQUIM DA BARRA - IGARAPAVA;Semiurbana
VIAÇÃO SÃO BENTO LTDA;9198;1;SAO JOAQUIM DA BARRA - ITUVERAVA;Semiurbana
VIAÇÃO SÃO BENTO LTDA;9199;1;RIBEIRAO PRETO - SAO JOAQUIM DA BARRA;Semiurbana
VIAÇÃO SÃO BENTO LTDA;9200;1;RIBEIRAO PRETO - ORLANDIA;Rodoviária Convencional
VIAÇÃO SÃO BENTO LTDA;9201;1;SALES DE OLIVEIRA - ORLANDIA;Rodoviária Convencional
VIAÇÃO DANUBIO AZUL LTDA;9207;1;COTIA - PIEDADE;Semiurbana
VIAÇÃO MACIR RAMAZINI TURISMO LTDA;9226;1;VIRADOURO - PITANGUEIRAS;Rodoviária Convencional
EMPRESA DE TRANSPORTES ANDORINHA S/A;9228;3;PRESIDENTE PRUDENTE - SANTOS;Rodoviária Litorânea
AUTO VIAÇÃO BRAGANCA LTDA;9229;1;BRAGANCA PAULISTA - SÃO PAULO (T.TIÊTE);Rodoviária Convencional
EMPRESAS REUNIDAS PAULISTA DE TRANSPORTES LTDA;9230;3;ARACATUBA - SANTOS;Rodoviária Litorânea
VIAÇÃO LUWASA LTDA;9246;4;CATANDUVA - PARAISO;Semiurbana
VIAÇÃO PIRACICABANA S/A;9249;3;SAO CARLOS - ARACATUBA;Rodoviária Convencional
RAPIDO LUXO CAMPINAS LTDA;9251;1;JUNDIAI - VARZEA PAULISTA;Semiurbana
VIAÇÃO COMETA S/A;9253;5;FRANCA - P.GRANDE(V.MIRIM);Rodoviária Litorânea
EMPRESA DE ÔNIBUS PASSARO MARRON S/A;9254;5;SANTA BRANCA - CARAGUATATUBA;Rodoviária Litorânea
EMPRESA DE AUTO ÔNIBUS SANTA RITA LTDA;9260;4;FERNANDOPOLIS - INDIAPORA;Semiurbana
VINCO - VIAÇÃO NOIVACOLINENSE LTDA;9272;1;LARANJAL PAULISTA - PIRACICABA;Semiurbana
EMPRESA PRINCESA DO NORTE S/A;9281;3;AVARE - PIRAJU;Semiurbana
EXPRESSO ITAMARATI S/A;9289;4;ARACATUBA - BURITAMA;Semiurbana
VIAÇÃO SÃO BENTO LTDA;9290;1;BATATAIS - FRANCA;Rodoviária Convencional
VIAÇÃO SÃO BENTO LTDA;9291;1;BATATAIS - FRANCA;Semiurbana
EMPRESA PRINCESA DO NORTE S/A;9294;3;SANTA CRUZ RIO PARDO - BAURU;Semiurbana
ULTRA S/A - TRANSPORTES INTERURBANOS;9296;5;SAO PAULO(T.JABAQUARA) - GUARUJA;Rodoviária Litorânea
ULTRA S/A - TRANSPORTES INTERURBANOS;9297;5;SAO PAULO(T.JABAQUARA) - SANTOS(PONTA DA PRAIA);Rodoviária Litorânea
EMPRESA DE ÔNIBUS PASSARO MARRON S/A;9323;5;SÃO PAULO (T.TIÊTE) - TAUBATE;Rodoviária Convencional
EMPRESA DE ÔNIBUS PASSARO MARRON S/A;9324;5;SÃO PAULO (T.TIÊTE) - CRUZEIRO;Rodoviária Convencional
EMPRESA DE ÔNIBUS PASSARO MARRON S/A;9325;5;SÃO PAULO (T.TIÊTE) - JACAREI;Rodoviária Convencional
EMPRESA DE ÔNIBUS PASSARO MARRON S/A;9327;5;SÃO PAULO (T.TIÊTE) - PINDAMONHANGABA;Rodoviária Convencional
VIAÇÃO PIRACICABANA S/A;9336;3;MARILIA - PRAIA GRANDE (TATICO);Rodoviária Litorânea
VIAÇÃO LIRA LTDA;9347;1;CAMPINAS - CAPIVARI;Rodoviária Convencional
VIAÇÃO PIRACICABANA S/A;9353;3;BAURU - PRAIA GRANDE(CIDADE OCIAN;Rodoviária Litorânea
TRANSPORTES E TURISMO EROLES LTDA;9363;5;FERRAZ DE VASCONCELOS - SAO SEBASTIAO(Rodoviária);Rodoviária Litorânea
EMPRESA DE ÔNIBUS PASSARO MARRON S/A;9380;5;JAMBEIRO - CACAPAVA;Rodoviária Convencional
VIAÇÃO ATIBAIA SÃO PAULO LTDA;9384;1;ATIBAIA - JARINU;Semiurbana
VIAÇÃO ATIBAIA SÃO PAULO LTDA;9385;1;JUNDIAI - JARINU;Semiurbana
VIASOL TRANSPORTES RODOVIÁRIOS LTDA.;9388;1;LIMEIRA - ARARAS;Rodoviária Convencional
VIASOL TRANSPORTES RODOVIÁRIOS LTDA.;9389;1;ARARAS - LEME;Rodoviária Convencional
VIASOL TRANSPORTES RODOVIÁRIOS LTDA.;9390;1;PORTO FERREIRA - DESCALVADO;Rodoviária Convencional
AUREA TURISMO LTDA;9406;3;PLANALTO DO SUL - PRESIDENTE EPITACIO;Rodoviária Convencional
EMPRESA PRINCESA DO NORTE S/A;9412;3;SÃO PAULO(BARRA FUNDA) - OURINHOS;Rodoviária Convencional
VIAÇÃO COMETA S/A;9413;5;SÃO PAULO (T.TIÊTE) - CAMPINAS;Rodoviária Convencional
VIAÇÃO COMETA S/A;9414;5;SAO JOSE DO RIO PRETO - P.GRANDE(V.MIRIM);Rodoviária Litorânea
VB TRANSPORTES E TURISMO LTDA;9416;1;CAMPINAS - SÃO PAULO(AER.CONGONHAS);Rodoviária Convencional
VIAÇÃO SANTA CRUZ LTDA;9417;1;SAO BERNARDO DO CAMPO - ITAPIRA;Rodoviária Convencional
CRISTALENSE TRANSPORTES E TURISMO LTDA;9421;1;FRANCA - SAO JOAQUIM DA BARRA;Semiurbana
VIAÇÃO PIRACICABANA S/A;9422;3;MARILIA - SAO PAULO;Rodoviária Convencional
VIAÇÃO DANUBIO AZUL LTDA;9428;1;ARARAQUARA - PORTO FERREIRA;Rodoviária Convencional
VIAÇÃO DANUBIO AZUL LTDA;9429;1;ARARAQUARA - JABOTICABAL;Semiurbana
VIAÇÃO DANUBIO AZUL LTDA;9430;1;ARARAQUARA - BARRETOS;Rodoviária Convencional
TRANSPORTE COLETIVO CÉLICO EIRELI;9440;4;NIPOÃ - SAO JOSE DO RIO PRETO;Semiurbana
BREDA SOROCABA TRANSPORTES E TUR. LTDA;9462;2;SOROCABA - ILHA COMPRIDA;Rodoviária Litorânea
RAPIDO LUXO CAMPINAS LTDA;9465;1;JUNDIAI - VARZEA PAULISTA;Semiurbana
RAPIDO LUXO CAMPINAS LTDA;9466;1;JUNDIAI - VARZEA PAULISTA;Semiurbana
EMPRESA AUTO ÔNIBUS MANOEL RODRIGUES S/A;9472;3;SANTA CRUZ RIO PARDO - SÃO PAULO(BARRA FUNDA);Rodoviária Convencional
PONTUR TRANSPORTES E TURISMO LTDA;9483;2;SOROCABA - PIRACICABA;Rodoviária Convencional
EXPRESSO REGIONAL TRANSPORTES LTDA;9490;2;SOROCABA - OSASCO;Rodoviária Convencional
EMPRESA RODOVIARIA PIRACICABANA LTDA;9494;1;AMPARO - JAGUARIUNA;Semiurbana
LITORANEA TRANSPORTES COLETIVOS S/A;9495;5;UBATUBA - SAO JOSE DOS CAMPOS;Rodoviária Litorânea
VIAÇÃO LOPES LTDA;9496;3;LUCELIA - ADAMANTINA;Semiurbana
VIAÇÃO DANUBIO AZUL LTDA;9500;1;CAJURU - CASSIA DOS COQUEIROS;Rodoviária Convencional
VIAÇÃO JACAREI LTDA;9517;5;SAO JOSE DOS CAMPOS - CACAPAVA;Semiurbana
VIAÇÃO SÃO RAPHAEL LTDA;9533;4;SAO JOSE DO RIO PRETO - RIOLANDIA;Rodoviária Convencional
VIAÇÃO COMETA S/A;9534;5;EMBU - P.GRANDE(SOLEMAR);Rodoviária Litorânea
VIAÇÃO PIRACICABANA S/A;9535;3;ITANHAEM - SAO PAULO(T.JABAQUARA);Rodoviária Litorânea
TRANSPORTES E TURISMO EROLES LTDA;9537;5;MOGI DAS CRUZES - SAO SEBASTIAO;Rodoviária Litorânea
EMPRESA DE TRANSPORTES MAIRIPORA LTDA;9538;5;NAZARE PAULISTA - FRANCO DA ROCHA;Semiurbana
EMPRESA DE TRANSPORTES MAIRIPORA LTDA;9539;5;MAIRIPORA - BAIRRO PONTE ALTA;Semiurbana
AUTO ÔNIBUS SÃO JOÃO LTDA;9540;2;VOTORANTIM(terminal) - SOROCABA(Lageado);Semiurbana
VIAÇÃO COMETA S/A;9541;5;SAO BERNARDO DO CAMPO - APARECIDA;Rodoviária Litorânea
PORTO DE REGISTRO TRANSPORTES LTDA;9552;5;REGISTRO - PARIQUERA-ACU;Semiurbana
EMPRESA AUTO ÔNIBUS SÃO JORGE LTDA;9558;2;IPERO(FAZENDA IPANEMA) - SOROCABA;Semiurbana
VALLESUL TRANSPORTES E TURISMO LTDA;9562;5;PEDRO DE TOLEDO - PERUIBE;Semiurbana Litorânea
VIAÇÃO LIRA LTDA;9571;1;CAMPINAS - JUNDIAI;Rodoviária Convencional
VIAÇÃO OITO IRMÃOS LTDA;9572;5;SAO JOSE DOS CAMPOS - MONTEIRO LOBATO;Semiurbana
VIAÇÃO OITO IRMÃOS LTDA;9573;5;SAO JOSE DOS CAMPOS - BAIRRO CANELAR;Semiurbana
EXPRESSO REGIONAL TRANSPORTES LTDA;9580;2;SAO ROQUE - VARGEM GRANDE PAULISTA;Semiurbana
EXPRESSO REGIONAL TRANSPORTES LTDA;9594;2;SAO ROQUE - ITAPEVI;Semiurbana
VIAÇÃO COMETA S/A;9608;5;SAO JOSE DOS CAMPOS - P.GRANDE(V.MIRIM);Rodoviária Litorânea
RAPIDO LUXO CAMPINAS LTDA;9611;1;GUAREI - CONCHAS;Semiurbana
AUTO ÔNIBUS SÃO JOÃO LTDA;9615;2;VOTORANTIM(terminal) - SOROCABA(Lageado);Semiurbana
VIAÇÃO SÃO ROQUE LTDA;9628;2;SAO ROQUE - IBIUNA;Semiurbana
AUTO ÔNIBUS NARDELLI LTDA;9630;1;SALTO - SALTO;Semiurbana
VIAÇÃO JACAREI LTDA;9636;5;SAO JOSE DOS CAMPOS - JACAREI(PQ.MEIA LUA);Semiurbana
AUTO VIAÇÃO M.M. SOUZA TURISMO LTDA;9639;1;RAFARD - CAPIVARI;Semiurbana
GUERINO SEISCENTO TRANSPORTES S/A;9640;3;GABRIEL MONTEIRO - ARACATUBA;Semiurbana
VB TRANSPORTES E TURISMO LTDA;9644;1;CAPIVARI - PORTO FELIZ;Rodoviária Convencional
VIAÇÃO DANUBIO AZUL LTDA;9645;1;SAO JOAQUIM DA BARRA - GUAIRA;Semiurbana
AUTO ÔNIBUS SÃO JOÃO LTDA;9659;2;VOTORANTIM(terminal) - SOROCABA(Lageado);Semiurbana
AUTO ÔNIBUS SÃO JOÃO LTDA;9660;2;VOTORANTIM(terminal) - SOROCABA(Lageado);Semiurbana
EMPRESA DE ÔNIBUS PASSARO MARRON S/A;9667;5;SÃO PAULO (T.TIÊTE) - SAO JOSE DOS CAMPOS;Rodoviária Convencional
EMPRESA DE ÔNIBUS PASSARO MARRON S/A;9668;5;SÃO PAULO (T.TIÊTE) - CACAPAVA;Rodoviária Convencional
EMPRESA DE ÔNIBUS PASSARO MARRON S/A;9669;5;SÃO PAULO (T.TIÊTE) - GUARATINGUETA;Rodoviária Convencional
EMPRESA RODOVIARIA PIRACICABANA LTDA;9671;1;TUIUTI - MORUNGABA;Semiurbana
PORTO DE REGISTRO TRANSPORTES LTDA;9676;5;REGISTRO - BARRA DO TURVO;Semiurbana
AUTO VIAÇÃO OURO VERDE LTDA;9689;1;AMERICANA - SÃO PAULO (T.TIÊTE);Rodoviária Convencional
RAPIDO SUMARE LTDA;9690;1;SUMARE(CENTRO) - SÃO PAULO (T.TIÊTE);Rodoviária Convencional
VB TRANSPORTES E TURISMO LTDA;9706;1;CAPIVARI - SÃO PAULO (T.TIÊTE);Rodoviária Convencional
VIAÇÃO PARATY LTDA;9707;4;MATAO - SANTA ERNESTINA;Semiurbana
VAT VIACAO ADAMANTINA DE TRANSPORTES LTDA;9708;3;ANDRADINA - PRESIDENTE PRUDENTE;Rodoviária Convencional
VB TRANSPORTES E TURISMO LTDA;9709;1;ARTUR NOGUEIRA - SÃO PAULO (T.TIÊTE);Rodoviária Convencional
EMPRESA DE ÔNIBUS PASSARO MARRON S/A;9719;5;GUARATINGUETA - POTIM;Semiurbana
VIACAO SC MIRIM GUACU LTDA;9720;1;MOGI GUACU - ESTIVA GERBI;Semiurbana
NOSSA SENHORA DE FATIMA AUTO ÔNIBUS LTDA;9721;1;BRAGANCA PAULISTA - TUIUTI;Semiurbana
NOSSA SENHORA DE FATIMA AUTO ÔNIBUS LTDA;9722;1;BRAGANCA PAULISTA - VARGEM(BAIRRO ANHUMAS);Semiurbana
NOSSA SENHORA DE FATIMA AUTO ÔNIBUS LTDA;9723;1;VARGEM - BRAGANCA PTA(Rodoviaria);Semiurbana
NOSSA SENHORA DE FATIMA AUTO ÔNIBUS LTDA;9724;1;VARGEM - BRAGANCA PAULISTA;Semiurbana
EXPRESSO INTEGRAÇÃO DO VALE LTDA - EPP;9725;3;ASSIS - Praça Florínia;Semiurbana
VIAÇÃO SÃO ROQUE LTDA;9726;2;SAO ROQUE - ALUMINIO(B.PEDAGIO);Semiurbana
EXPRESSO AMARELINHO LTDA;9727;2;CAPAO BONITO - BAIRRO SUMIDOURO;Semiurbana
VIAÇÃO MINA DO VALE TRANSPORTES E TURISMO LTDA;9728;5;JACUPIRANGA - CAJATI(VILA TATU);Semiurbana
EXPRESSO REGIONAL TRANSPORTES LTDA;9729;2;SAO ROQUE - PIR..B.JESUS(CAMP.GAIVOTA;Semiurbana
EXPRESSO DE PRATA LTDA;9730;3;MARILIA - SANTOS;Rodoviária Litorânea
VIAÇÃO SÃO JOSÉ LTDA;9731;4;SANTA ALBERTINA - JALES;Semiurbana
EXPRESSO ITAMARATI S/A;9732;4;ARACATUBA - MAJOR PRADO;Semiurbana
AGOSUZI TRANSPORTES LTDA;9734;3;BANANAL - ARAPEI;Semiurbana
VB TRANSPORTES E TURISMO LTDA;9735;1;CAMPINAS - SOROCABA;Rodoviária Convencional
RODOVIÁRIO E TURISMO SÃO JOSÉ LTDA;9736;5;LORENA - LORENA (CANAS);Semiurbana
VIAÇÃO COMETA S/A;9915;5;SOROCABA - CAPAO BONITO;Rodoviária Convencional
